Workbook
Name _GoBack: 'ПАК '!$E$18

Sheet Лист контроля  
H1: Лист результатов контроля технологического режима цеха № 66 (отделений Абсорбции-дистилляции-1, Карбонизации-1), цеха № 83 (отделения Кальцинации-1), цеха № 85 (отделения Компрессии-1) | AF1: страница 1 | AP1: =H1 -> Лист результатов контроля технологического режима цеха № 66 (отделений Абсорбции-дистилляции-1, Карбонизации-1), цеха № 83 (отделения Кальцинации-1), цеха № 85 (отделения Компрессии-1) | BN1: страница 1
A2: Расход промывной воды | E2: =F2+G2 -> 855 | F2: 428 | G2: 427 | AC2: Автоматический контроль КЛ | AG2: 21:00/5:00 | AI2: Расход промывной Н2О | AM2: =AN2+AO2 -> 865 | AN2: 425 | AO2: 440 | BK2: Автоматический контроль КЛ | BO2: 9:00/17:00 | CR2: Р 024-2023
A3: Расход очищенного рассола | F3: 4292 | H3: м3 | AC3: № кл | AD3: t, 0С суспензии на выходе из Кл | AE3: t, 0С отходящего газа после Кл | AF3: t, 0С 14 бочки | AG3: t, 0С 25 бочки | AI3: Расход очищенного рассола | AN3: 5236 | AP3: м3 | BK3: № кл | BL3: t, 0С суспензии на выходе из Кл | BM3: t, 0С отходящего газа после Кл | BN3: t, 0С 14 бочки | BO3: t, 0С 25 бочки | CN3: АО "БСК" | CR3: Приложение 3
A4: Расход по фильтровой жидкости | F4: 475 | H4: м3/ч | L4: Дата | N4: 04.03.2026г | Q4: Смена | S4: 1 | U4: Бригада | W4: А | AC4: 1 | AD4: 30 | AE4: 48 | AF4: 51 | AG4: 55 | AI4: Расход по фильтровой жидкости | AN4: 492 | AP4: м3/ч | AT4: Дата | AV4: =N4 -> 04.03.2026г | AY4: Смена | BA4: 2 | BC4: Бригада | BE4: в | BK4: 1 | BL4: 31 | BM4: 46 | BN4: 53 | BO4: 54 | BR4: АО "БСК" | BW4: Р 024-2023 | CN4: УАК лаборатория №4
A5: Расход химочищенной | F5: 272 | H5: м3 | AC5: 2 | AG5: 61 | AI5: Расход химочищенной | AN5: 275 | AP5: м3 | BK5: 2 | BL5: 29 | BM5: 46 | BN5: 55 | BO5: 55 | BR5: УАК Лаборатория № 3 | BW5: Приложение № 3 | CN5: Производство №5
B6: СТАНЦИЯ АБСОРБЦИИ | K6: СТАНЦИЯ КАРБОНИЗАЦИИ | AC6: 3 | AD6: 30 | AE6: 50 | AF6: 53 | AG6: 57 | AJ6: СТАНЦИЯ АБСОРБЦИИ | AS6: СТАНЦИЯ КАРБОНИЗАЦИИ | BK6: 3 | BL6: 30 | BM6: 50 | BN6: 56 | BO6: 59 | BR6: Производство № 4 | CN6: Цех № 83 отделение: Кальцинация 1 | CY6: =N4 -> 04.03.2026г
A7: Время | B7: Газ после ПВФЛ кол-р нагнетания | D7: Газ после ПГКл- II | G7: Аммонизированный рассол | K7: Жидкость после КлПК Об.экв.к.двуок.угл., н.д. | N7: Жидкость после ПГКл-1 Об.экв.к.двуок.угл., н.д. | Q7: Суспензия гидрокарбоната натрия 1 л/ф | U7: Суспензия гидрокарбоната натрия 2 л/ф | Y7: Суспензия гидрокарбоната натрия б/ф | AC7: 4 | AD7: 30 | AE7: 48 | AF7: 51 | AG7: 57 | AI7: Время | AJ7: Газ после ПВФЛ кол-р нагнетания | AL7: Газ после ПГКл- II | AO7: Аммонизированный рассол | AS7: Жидкость после КлПК Об.экв.к.двуок.угл., н.д. | AV7: Жидкость после ПГКл-1 Об.экв.к.двуок.угл., н.д. | AY7: Суспензия гидрокарбоната натрия 1 л/ф | BC7: Суспензия гидрокарбоната натрия 2 л/ф | BG7: Суспензия гидрокарбоната натрия б/ф | BK7: 4 | BL7: 29 | BM7: 46 | BN7: 54 | BO7: 59 | BR7: Цех № 66 | CY7: мин.знач. | DA7: макс.знач.
B8: № маш. | C8: М.к.аммиака (в пересчете на 25,5%), кг/т соды | D8: № эл. | E8: М.к.аммиака (в пересчете на 25,5%), кг/т соды | F8: Объёмная доля СО2, % | G8: Об.экв.к. сульфид-ионов, н.д | H8: Об.экв.к. двуок.угл., н.д. | I8: Об.экв.к. хлорид-ионов,н.д | J8: Общая щелочность (пр.т.), н.д | K8: 1гр. | L8: 2гр. | M8: 3гр. | N8: 1гр. | O8: 2гр. | P8: 3гр. | Q8: Об.экв.к. хлорид-ионов, н.д | R8: Общая щелочность (пр.т.), н.д | S8: Об.экв.к.ионов аммония, н.д | T8: Об.экв.к. NH₃ связ., н.д | U8: Об.экв.к. хлорид-ионов, н.д | V8: Общая щелочность (пр.т.), н.д | W8: Об.экв.к.ионов аммония, н.д | X8: Об.экв.к. NH₃ связ., н.д | Y8: Об.экв.к. хлорид-ионов, н.д | Z8: Общая щелочность (пр.т.), н.д | AA8: Об.экв.к.ионов аммония, н.д | AB8: Об.экв.к. NH₃ связ., н.д | AC8: 5 | AD8: 30 | AE8: 48 | AF8: 51 | AG8: 55 | AJ8: № маш. | AK8: М.к.аммиака (в пересчете на 25,5%), кг/т соды | AL8: № эл. | AM8: М.к.аммиака (в пересчете на 25,5%), кг/т соды | AN8: Объёмная доля СО2, % | AO8: Об.экв.к. сульфид-ионов, н.д | AP8: Об.экв.к. двуок.угл., н.д. | AQ8: Об.экв.к. хлорид-ионов,н.д | AR8: Общая щелочность (пр.т.), н.д | AS8: 1гр. | AT8: 2гр. | AU8: 3гр. | AV8: 1гр. | AW8: 2гр. | AX8: 3гр. | AY8: Об.экв.к. хлорид-ионов, н.д | AZ8: Общая щелочность (пр.т.), н.д | BA8: Об.экв.к.ионов аммония, н.д | BB8: Об.экв.к. NH₃ связ., н.д | BC8: Об.экв.к. хлорид-ионов, н.д | BD8: Общая щелочность (пр.т.), н.д | BE8: Об.экв.к.ионов аммония, н.д | BF8: Об.экв.к. NH₃ связ., н.д | BG8: Об.экв.к. хлорид-ионов, н.д | BH8: Общая щелочность (пр.т.), н.д | BI8: Об.экв.к.ионов аммония, н.д | BJ8: Об.экв.к. NH₃ связ., н.д | BK8: 5 | BO8: 60 | BR8: отделения: Карбонизации-1, Абсорбции-дистилляции-1 | CX8: NH3 ПВФл | CY8: =MIN(C11:C18,AK11:AK18,C25:C32,AK25:AK32) -> 0.06 | CZ8: - | DA8: =MAX(C11:C18,AK11:AK18,C25:C32,AK25:AK32) -> 0.24
A9: 20:00-21:00 | B9: время | D9: время | E9: 0.92361111 | F9: 0.95833333 | G9: 0.46 | I9: 88.1 | J9: 102.3 | K9: 66.9 | L9: 71.4 | M9: 61.8 | N9: 65.5 | O9: 75.7 | P9: 58.5 | Q9: 95.4 | R9: 26.6 | S9: 94.2 | T9: =S9-R9 -> 67.6 | U9: 95.4 | V9: 27 | W9: 94.6 | X9: =W9-V9 -> 67.6 | Y9: 95.4 | Z9: 26.6 | AA9: 94.6 | AB9: =AA9-Z9 -> 68 | AC9: 6 | AG9: 60 | AI9: 08:00-09:00 | AJ9: время | AL9: время | AM9: 0.48611111 | AO9: 0.56 | AQ9: 88.1 | AR9: 102.3 | AS9: 57.4 | AT9: 51.9 | AU9: 55.3 | AV9: 58.5 | AW9: 60.7 | AX9: 61 | AY9: 96.2 | AZ9: 28.6 | BA9: 97.8 | BB9: =BA9-AZ9 -> 69.2 | BC9: 96.6 | BD9: 28.6 | BE9: 97.4 | BF9: =BE9-BD9 -> 68.8 | BG9: 96.6 | BH9: 28.6 | BI9: 97.4 | BJ9: =BI9-BH9 -> 68.8 | BK9: 6 | BL9: 26 | BM9: 47 | BN9: 53 | BO9: 56 | CN9: СВЕДЕНИЯ О РАСХОДНЫХ КОЭФФИЦИЕНТАХ/АНАЛИТИЧЕСКИЕ ДАННЫЕ | CX9: Общ.щ. ПГКЛ-2 | CY9: =MIN(BL95:BL101) -> 0 | DA9: =MAX(BL95:BL101) -> 0
AC10: 7 | AD10: 31 | AE10: 49 | AF10: 51 | AG10: 55 | BK10: 7 | BL10: 31 | BM10: 48 | BN10: 56 | BO10: 60 | CX10: СО2 ПГКл-2 | CY10: =MIN(F11:F22,AN11:AN22,F25:F34,AN25:AN34) -> 0 | CZ10: - | DA10: =MAX(F11:F22,AN11:AN22,F25:F34,AN25:AN34) -> 0
A11: 21:00-22:00 | B11: 1 | D11: 1 | E11: 0.06 | F11: загаз. | J11: 103.1 | U11: н.тех.п. | AC11: 8 | AD11: 28 | AE11: 52 | AF11: 43 | AG11: 53 | AI11: 09:00-10:00 | AJ11: 1 | AL11: 1 | AM11: 0.2 | AR11: 102 | BK11: 8 | BO11: 61 | CX11: NH3 ПГКл-2 | CY11: =MIN(E11:E22,AM11:AM22,E25:E34,AM25:AM34) -> 0.06 | CZ11: - | DA11: =MAX(E11:E22,AM11:AM22,E25:E34,AM25:AM34) -> 0.2
AC12: 9 | AD12: 30 | AE12: 49 | AF12: 53 | AG12: 55 | BK12: 9 | BL12: 30 | BM12: 50 | BN12: 57 | BO12: 58 | CN12: на производство кальцинированной соды марки "Б" | CX12: СО2 после ПГАБ | CY12: =MIN(AC78:AC89,BK78:BK89) -> 81 | CZ12: - | DA12: =MAX(AC78:AC89,BK78:BK89) -> 89
A13: 22:00-23:00 | B13: 2 | C13: 0.06 | D13: 2 | E13: 0.06 | F13: загаз. | J13: 102.7 | AC13: 10 | AD13: 30 | AE13: 49 | AF13: 45 | AG13: 50 | AI13: 10:00-11:00 | AJ13: 2 | AK13: 0.12 | AL13: 2 | AM13: загаз | AR13: 102.3 | BK13: 10 | BL13: 31 | BM13: 47 | BN13: 49 | BO13: 53 | CX13: Общ.щ. ПГАБ | CY13: =MIN(BM95:BM101) -> 0 | CZ13: - | DA13: =MAX(BM95:BM101) -> 0
AC14: 11 | BK14: 11 | CX14: Т0 ХГДС | CY14: =MIN(AC40:AC46,AC48:AC54,BK40:BK46,BK48:BK54) -> 55 | CZ14: - | DA14: =MAX(AC40:AC46,AC48:AC54,BK40:BK46,BK48:BK54) -> 89
A15: 23:00-24:00 | B15: 3 | C15: 0.06 | D15: 3 | E15: 0.06 | F15: загаз. | J15: 102 | U15: н.тех.п. | AC15: 12 | AG15: 58 | AI15: 11:00-12:00 | AJ15: 3 | AK15: 0.12 | AL15: 3 | AM15: загаз | AR15: 103.9 | BK15: 12 | BO15: 58 | BR15: СВЕДЕНИЯ О РАСХОДНЫХ КОЭФФИЦИЕНТАХ / АНАЛИТИЧЕСКИЕ ДАННЫЕ | CO15: за | CP15: =N4 -> 04.03.2026г | CX15: Об.щ. САР | CY15: =MIN(J9:J34,AR9:AR34) -> 100 | CZ15: - | DA15: =MAX(J9:J34,AR9:AR34) -> 104.3
AC16: 13 | AD16: 30 | AE16: 50 | AF16: 54 | AG16: 55 | BK16: 13 | BL16: 29 | BM16: 48 | BN16: 56 | BO16: 56 | CX16: СL⁻ Сара | CY16: =MIN(I9:I35,AQ9:AQ35) -> 88.1 | CZ16: - | DA16: =MAX(I9:I35,AQ9:AQ35) -> 88.5
A17: 00:00-01:00 | B17: 4 | C17: 0.06 | D17: 5 | E17: 0.06 | F17: загаз. | J17: 103.5 | K17: пер | L17: пер | M17: 67.7 | N17: 68.8 | O17: 67.4 | P17: 67.9 | Q17: 95 | R17: 29 | S17: 96.6 | T17: =S17-R17 -> 67.6 | U17: 95 | V17: 30.2 | W17: 96.6 | X17: =W17-V17 -> 66.4 | Y17: 95.4 | Z17: 29.8 | AA17: 97 | AB17: =AA17-Z17 -> 67.2 | AC17: 14 | AI17: 12:00-13:00 | AJ17: 4 | AK17: 0.24 | AL17: 5 | AM17: загаз | AR17: 104.3 | BK17: 14 | CX17: S Сара | CY17: =MIN(G9:G34,AO9:AO34) -> 0.4 | CZ17: - | DA17: =MAX(G9:G34,AO9:AO34) -> 0.56
AC18: 15 | AD18: 30 | AE18: 47 | AF18: 50 | AG18: 52 | BK18: 15 | BL18: 31 | BM18: 46 | BN18: 51 | BO18: 52 | BU18: =N4 -> 04.03.2026г | CX18: Т0 Сара | CY18: =MIN(F73,AN73) -> 62 | CZ18: - | DA18: =MAX(F73,AN73) -> 64
A19: 01:00-02:00 | D19: 7 | J19: 102.7 | U19: н.тех.п. | AC19: 1 | AD19: 31 | AE19: 52 | AF19: 45 | AG19: 50 | AI19: 13:00-14:00 | AL19: 7 | AR19: 103.9 | BK19: 1 | BL19: 31 | BM19: 47 | BN19: 53 | BO19: 57 | BT19: за | CN19: Наименование сырья, основных и вспомогательных материалов | CP19: Расходные коэффициенты
AC20: 2 | AD20: 29 | AE20: 49 | AF20: 50 | AG20: 55 | BK20: 2 | BL20: 34 | BM20: 44 | BN20: 58 | BO20: 57 | CX20: Т0 КДС | CY20: =MIN(AB40:AB46,AB48:AB54,BJ40:BJ46,BJ48:BJ54) -> 67 | CZ20: - | DA20: =MAX(AB40:AB46,AB48:AB54,BJ40:BJ46,BJ48:BJ54) -> 90
A21: 02:00-03:00 | B21: 5 | C21: 0.06 | G21: 0.4 | I21: 88.1 | J21: 102.7 | AC21: 3 | AD21: 30 | AE21: 50 | AF21: 54 | AG21: 57 | AI21: 14:00-15:00 | AJ21: 5 | AK21: 0.36 | AO21: 0.42 | AQ21: 88.5 | AR21: 100 | AS21: 61.1 | AT21: 58.2 | AU21: 61.2 | AZ21: 30.2 | BA21: 98.2 | BB21: =BA21-AZ21 -> 68 | BD21: 29.8 | BE21: 98.2 | BF21: =BE21-BD21 -> 68.4 | BH21: 29.4 | BI21: 101.1 | BJ21: =BI21-BH21 -> 71.7 | BK21: 3 | BL21: 30 | BM21: 46 | BN21: 58 | BO21: 59 | CP21: l смена | CR21: ll смена | CX21: NH3 ДСЖ | CY21: =MIN(U40:U53,W40:W53,BC40:BC53,BE40:BE53) -> 4 | CZ21: - | DA21: =MAX(U40:U53,W40:W53,BC40:BC53,BE40:BE53) -> 8
AC22: 4 | AD22: 30 | AE22: 52 | AF22: 50 | AG22: 59 | BK22: 4 | BL22: 31 | BM22: 45 | BN22: 56 | BO22: 60 | BR22: Наименование сырья, основных и вспомогательных материалов | BT22: Расходные коэффициенты | CX22: NH3 ИС | CY22: =MIN(P40:P46,P48:P54,S40:S53,AX40:AX46,AX48:AX54,BA40:BA53) -> 4 | CZ22: - | DA22: =MAX(P40:P46,P48:P54,S40:S53,AX40:AX46,AX48:AX54,BA40:BA53) -> 10.8
A23: 03:00-04:00 | B23: время | D23: время | J23: 102 | U23: н.тех.п. | AC23: 5 | AG23: 60 | AI23: 15:00-16:00 | AJ23: время | AL23: время | AR23: 102 | BK23: 5 | BO23: 55 | CP23: (с 20:00 часов | CR23: (с 08:00 часов | CX23: СаО ИС | CY23: =MIN(AW40:AW46,AW48:AW54,AZ40:AZ53,O40:O46,O48:O54,R40:R53) -> 1.4 | CZ23: - | DA23: =MAX(AW40:AW46,AW48:AW54,AZ40:AZ53,O40:O46,O48:O54,R40:R53) -> 3.2
AC24: 6 | AD24: 27 | AE24: 46 | AF24: 54 | AG24: 54 | BK24: 6 | BL24: 31 | BM24: 45 | BN24: 57 | BO24: 57 | BT24: l смена | BV24: ll смена | CX24: СL ДС | CY24: =MIN(Q40:Q46,Q48:Q54,AY40:AY46,AY48:AY54) -> 60.9 | CZ24: - | DA24: =MAX(Q40:Q46,Q48:Q54,AY40:AY46,AY48:AY54) -> 65.7
A25: 04:00-05:00 | B25: 1 | J25: 102.7 | AC25: 7 | AD25: 31 | AE25: 52 | AF25: 54 | AG25: 58 | AI25: 16:00-17:00 | AJ25: 1 | AR25: - | BK25: 7 | BL25: 31 | BM25: 48 | BN25: 58 | BO25: 61 | CP25: до 08:00 часов) | CR25: до 20:00 часов) | CX25: СО2 ТДС | CY25: =MIN(Y40:Y54,BG40:BG54) -> 0.36 | CZ25: - | DA25: =MAX(Y40:Y54,BG40:BG54) -> 1.5
AC26: 8 | AG26: 61 | BK26: 8 | BO26: 58 | BT26: (с 20:00 часов | BV26: (с 08:00 часов
A27: 05:00-06:00 | B27: 2 | J27: 102.7 | U27: н.тех.п. | AC27: 9 | AD27: 31 | AE27: 52 | AF27: 54 | AG27: 57 | AI27: 17:00-18:00 | AJ27: 2 | AR27: 102.3 | BK27: 9 | BL27: 30 | BM27: 48 | BN27: 58 | BO27: 57 | CN27: М.д. углекислого натрия, ( Na2CO3)% в соде кальцинированной марки Б с технологических ниток: -после содовых печей рейдлер Р2,Р2а,р2б (поз.921-3) отм. 0,0 м. | CP27: =AVERAGE(C95:C106,G95:G106,K95:K106) -> 99.33 | CR27: =AVERAGE(AK95:AK106,AO95:AO106,AS95:AS106) -> 99.33 | CX27: Связ. NH3 Кл | CY27: =MIN(T9:T33,X9:X33,AB9:AB33,BB9:BB33,BF9:BF33,BJ9:BJ33) -> 66.4 | CZ27: - | DA27: =MAX(T9:T33,X9:X33,AB9:AB33,BB9:BB33,BF9:BF33,BJ9:BJ33) -> 71.7
AC28: 10 | AD28: 29 | AE28: 48 | AF28: 39 | AG28: 45 | BK28: 10 | BL28: 30 | BM28: 50 | BN28: 49 | BO28: 55 | BT28: до 08:00 часов) | BV28: до 20:00 часов) | CX28: СL Кл. | CY28: =MIN(Q9:Q33,U9:U33,Y9:Y33,AY9:AY33,BC9:BC33,BG9:BG33) -> 95 | CZ28: - | DA28: =MAX(Q9:Q33,U9:U33,Y9:Y33,AY9:AY33,BC9:BC33,BG9:BG33) -> 98.6
A29: 06:00-07:00 | B29: 3 | J29: 102.3 | L29: =ROUND(AVERAGE(K9:M28),1) -> 67 | O29: =ROUND(AVERAGE(N9:P28),1) -> 67.3 | AC29: 11 | AI29: 18:00-19:00 | AJ29: 3 | AR29: 103.5 | AT29: =ROUND(AVERAGE(AS9:AU28),1) -> 57.5 | AW29: =ROUND(AVERAGE(AV9:AX28),1) -> 60.1 | BK29: 11 | CX29: Т0 сусп Кл | CY29: =MIN(AD4:AD33,BL4:BL33) -> 26 | CZ29: - | DA29: =MAX(AD4:AD33,BL4:BL33) -> 34
K30: Температура жидкости КлПК,˚С | N30: Температура жидкости ПГКл -1,˚С | AC30: 12 | AG30: 58 | AS30: Температура жидкости КлПК,˚С | AV30: Температура жидкости ПГКл -1,˚С | BK30: 12 | BO30: 55 | BR30: Расход рассола очищенного в пересчёте на стандартный рассол с содержанием NaCl 310 г/л, (м3/т.соды) | BT30: =B131 -> 5.789 | BV30: =AJ131 -> 5.875 | CX30: Т0 верха Кл | CY30: =MIN(AE4:AE33,BM4:BM33) -> 44 | CZ30: - | DA30: =MAX(AE4:AE33,BM4:BM33) -> 52
A31: 07:00-08:00 | B31: 4 | J31: 103.1 | K31: 54 | L31: 68 | M31: 72 | N31: 36 | O31: 38 | P31: 38 | U31: н.тех.п. | AC31: 13 | AD31: 30 | AE31: 49 | AF31: 55 | AG31: 56 | AI31: 19:00-20:00 | AJ31: 4 | AR31: - | AS31: 63 | AT31: 61 | AU31: 71 | AV31: 41 | AW31: 39 | AX31: 39 | BK31: 13 | BL31: 30 | BM31: 48 | BN31: 57 | BO31: 56 | CX31: СО2 КЛПК | CY31: =MIN(K9:M28,AS9:AU28) -> 51.9 | CZ31: - | DA31: =MAX(K9:M28,AS9:AU28) -> 71.4
AC32: 14 | BK32: 14 | CN32: % соды с м.д хлоридов в пересчете на NaCl не более 0,5% от общей выработки соды кальцинированной марки Б с технологических ниток : после содовых печей рейдлер Р2,Р2а,р2б (поз.921-3) отм. 0,0 м. | CP32: =CQ70 -> #DIV/0! | CR32: =CQ71 -> #DIV/0! | CX32: СО2 1 вход | CY32: =MIN(AD78:AE89,BL78:BM89) -> 50 | CZ32: - | DA32: =MAX(AD78:AE89,BL78:BM89) -> 59
B33: 5 | L33: =ROUND(AVERAGE(K31:M32),0) -> 65 | O33: =ROUND(AVERAGE(N31:P32),0) -> 37 | Q33: 95.8 | R33: 29.8 | S33: 97.4 | T33: =ROUND((S33-R33),1) -> 67.6 | U33: 96.6 | V33: 29.8 | W33: 97.8 | X33: =ROUND((W33-V33),1) -> 68 | Y33: 95.8 | Z33: 29.8 | AA33: 98.2 | AB33: =ROUND((AA33-Z33),1) -> 68.4 | AC33: 15 | AD33: 31 | AE33: 49 | AF33: 51 | AG33: 55 | AJ33: 5 | AT33: =ROUND(AVERAGE(AS31:AU32),0) -> 65 | AW33: =ROUND(AVERAGE(AV31:AX32),0) -> 40 | AY33: 97.8 | AZ33: 27.8 | BA33: 97.8 | BB33: =ROUND((BA33-AZ33),1) -> 70 | BC33: 98.6 | BD33: 27.8 | BE33: 97.8 | BF33: =ROUND((BE33-BD33),1) -> 70 | BG33: 98.6 | BH33: 27.8 | BI33: 98.6 | BJ33: =ROUND((BI33-BH33),1) -> 70.8 | BK33: 15 | BL33: 31 | BM33: 49 | BN33: 51 | BO33: 55
R34: Об.экв.к.двуок.угл. н.д. | T34: 43.7 | V34: Об.экв.к.двуок.угл. н.д. | X34: 42.3 | Y34: Об.экв.к. двуок.угл.,н.д. | Z34: % уноса аммиака | AA34: Об.экв.к. двуок.угл.,н.д. | AB34: 42.1 | AC34: ср.зн. | AD34: =ROUND(AVERAGE(AD4:AD33),) -> 30 | AE34: =ROUND(AVERAGE(AE4:AE33),) -> 49 | AF34: =ROUND(AVERAGE(AF4:AF33),) -> 50 | AG34: =ROUND(AVERAGE(AG4:AG33),) -> 56 | AS34: Об.экв.к.хлорид-ионов, н.д | AT34: Общая щелочность (пр.т.), н.д | AU34: Об.экв.к.ионов аммония,н.д | AV34: Об.экв.к.хлорид-ионов, н.д | AW34: Общая щелочность (пр.т.), н.д | AX34: Об.экв.к.ионов аммония,н.д | AZ34: Об.экв.к.двуок.угл. н.д. | BB34: 35.5 | BD34: Об.экв.к.двуок.угл. н.д. | BF34: 36.9 | BG34: Об.экв.к. двуок.угл.,н.д. | BH34: % уноса аммиака | BI34: Об.экв.к. двуок.угл.,н.д. | BJ34: 37 | BK34: ср.зн. | BL34: =ROUND(AVERAGE(BL4:BL33),) -> 30 | BM34: =ROUND(AVERAGE(BM4:BM33),) -> 47 | BN34: =ROUND(AVERAGE(BN4:BN33),) -> 55 | BO34: =ROUND(AVERAGE(BO4:BO33),) -> 57 | BR34: Массовая концентрация хлорид-ионов в жидкости САР, (н.д.) | BT34: =I35 -> 88.1 | BV34: =AQ35 -> 88.5 | CX34: W б/ф | CY34: =MIN(G78:G89,AO78:AO89) -> 15 | CZ34: - | DA34: =MAX(G78:G89,AO78:AO89) -> 20.5
A35: ср.зн. | C35: =ROUND(AVERAGE(C11:C18,C25:C32),2) -> 0.06 | E35: =ROUND(AVERAGE(E11:E22,E25:E34),2) -> 0.06 | F35: =ROUND(AVERAGE(F11:F22,F25:F34),1) -> #DIV/0! | G35: =ROUND(AVERAGE(G9:G32),2) -> 0.43 | H35: 45.2 | I35: 88.1 | J35: =ROUND(AVERAGE(J9:J32),1) -> 102.7 | U35: =ROUND(AVERAGE(Q33,U33,Y33),1) -> 96.1 | V35: =ROUND(AVERAGE(R33,V33,Z33),1) -> 29.8 | W35: =ROUND(AVERAGE(S33,W33,AA33),1) -> 97.8 | X35: =ROUND((W35-V35),1) -> 68 | Y35: =ROUND(AVERAGE(T34,X34,AB34),1) -> 42.7 | Z35: =(1-((W35*I35)/(J35*U35)))*100 -> 12.698656 | AD35: =COUNT(AD4:AD33) -> 20 | AI35: ср.зн. | AK35: =ROUND(AVERAGE(AK11:AK18,AK25:AK32),2) -> 0.16 | AM35: =ROUND(AVERAGE(AM11:AM22,AM25:AM34),2) -> 0.2 | AN35: =ROUND(AVERAGE(AN11:AN22,AN25:AN34),1) -> #DIV/0! | AO35: =ROUND(AVERAGE(AO9:AO34),2) -> 0.49 | AP35: 40.7 | AQ35: 88.5 | AR35: =ROUND(AVERAGE(AR9:AR34),1) -> 102.7 | AS35: 87.3 | AT35: 96.3 | AU35: 95.8 | AV35: 87.3 | AW35: 97.9 | AX35: 98.2 | BC35: =ROUND(AVERAGE(AY33,BC33,BG33),1) -> 98.3 | BD35: =ROUND(AVERAGE(AZ33,BD33,BH33),1) -> 27.8 | BE35: =ROUND(AVERAGE(BA33,BE33,BI33),1) -> 98.1 | BF35: =ROUND((BE35-BD35),1) -> 70.3 | BG35: =ROUND(AVERAGE(BB34,BF34,BJ34),1) -> 36.5 | BH35: =(1-((BE35*AQ35)/(AR35*BC35)))*100 -> 14.002007 | BL35: =COUNT(BL4:BL33) -> 20 | CX35: СL б/ф | CY35: =MIN(M78:T89,AU78:BB89) -> 0.06 | CZ35: - | DA35: =MAX(M78:T89,AU78:BB89) -> 0.07
N36: СТАНЦИЯ ДИСТИЛЛЯЦИИ | AV36: СТАНЦИЯ ДИСТИЛЛЯЦИИ | CX36: W л/ф | CY36: =MIN(E78:F89,AM78:AN89) -> 12.9 | CZ36: - | DA36: =MAX(E78:F89,AM78:AN89) -> 19.7
A37: Усредненные прбы за смену | B37: Об.экв.к.хлорид-ионов, н.д | C37: Общая щелоч-ность (пр.т.), н.д | D37: Об.экв.к.ионов аммония,н.д | E37: Об.экв.к.NH₃ связ, н.д | F37: Об.экв.к.двуок.угл.,н.д. | G37: Маточная жидкость с в/ф | J37: Фильтровая жидкость из СФЖ | N37: Жидкость после ИС | R37: Дистиллерная жидкость шламопровода | U37: Жидкость после дистиллера слабой жидкости (ДСЖ № 1 ) | W37: Жидкость после дистиллера флегмы (ДСЖ № 2 ) | Y37: Жидкость после ТДС | Z37: Автоматический контроль АБ-ДС | AG37: Время | AI37: Усредненные прбы за смену | AJ37: Об.экв.к.хлорид-ионов, н.д | AK37: Общая щелоч-ность (пр.т.), н.д | AL37: Об.экв.к.ионов аммония,н.д | AM37: Об.экв.к.NH₃ связ, н.д | AN37: Об.экв.к.двуок.угл.,н.д. | AO37: Маточная жидкость с в/ф | AR37: Фильтровая жидкость из СФЖ | AV37: Жидкость после ИС | AZ37: Дистиллерная жидкость шламопровода | BC37: Жидкость после дистиллера слабой жидкости (ДСЖ № 1 ) | BE37: Жидкость после дистиллера флегмы (ДСЖ № 2 ) | BG37: Жидкость после ТДС | BH37: Автоматический контроль АБ-ДС | BO37: Время | BR37: Расход извести в пересчёте на 85% СаО, (кг/т.соды) | BT37: =B132 -> 730.871 | BV37: =AJ132 -> 711.694 | CN37: % соды с м.д хлоридов в пересчете на NaCl не более 0,5% от общей выработки соды кальцинированной марки Б с технологических ниток : после паровых кальцинаторов редлер 4б (поз.128) отм.10.3 м. | CP37: =CU70 -> 0 | CR37: =CU71 -> 0 | CX37: СL л/ф | CY37: =MIN(K78:L89,AS78:AT89) -> 0.06 | CZ37: - | DA37: =MAX(K78:L89,AS78:AT89) -> 0.27
G38: Об.экв.к.хлорид-ионов,н.д | J38: Об.экв.к. хлорид-ионов, н.д | K38: Общая щелочность (пр.т.), н.д | L38: Об.экв.к.ионов аммония,н.д | M38: Об.экв.к.NH₃ связ., н.д | N38: № эл. | O38: Об.экв.к.акт.гидрокс.кальц.в пер.на акт.окись кальц.(СаОакт), н.д | P38: Об.экв.к.аммиака, н.д/2л | Q38: Об.экв.к. хлорид-ионов, н.д | R38: Об.экв.к.акт.гидрокс.кальц.в пер.на акт.окись кальц.(СаОакт), н.д | S38: Об.экв.к.аммиака, н.д/2л | T38: Об.экв.к. хлорид-ионов, н.д | U38: Об.экв.к.аммиака, н.д/2л | V38: Об.экв.к. хлорид-ионов, н.д | W38: Об.экв.к.аммиака, н.д/2л | X38: Об.экв.к. хлорид-ионов, н.д | Y38: Об.экв.к.двуок.угл., н.д. | Z38: № | AA38: t газовой смеси на выходе из ДС ,0C | AB38: t газовой смеси на выходе из КДС,0C | AC38: t газовой смеси на выходе из ХГДС,0C | AD38: t газа на выходе из АБ1/АБ2,0C | AE38: Р в нижней зоне ДС,кгс/см2 | AF38: Расход ФЖ на элемент ДС,м3/ч | AO38: Об.экв.к.хлорид-ионов,н.д | AR38: Об.экв.к. хлорид-ионов, н.д | AS38: Общая щелочность (пр.т.), н.д | AT38: Об.экв.к.ионов аммония,н.д | AU38: Об.экв.к.NH₃ связ., н.д | AV38: № эл. | AW38: Об.экв.к.акт.гидрокс.кальц.в пер.на акт.окись кальц.(СаОакт), н.д | AX38: Об.экв.к.аммиака, н.д/2л | AY38: Об.экв.к. хлорид-ионов, н.д | AZ38: Об.экв.к.акт.гидрокс.кальц.в пер.на акт.окись кальц.(СаОакт), н.д | BA38: Об.экв.к.аммиака, н.д/2л | BB38: Об.экв.к. хлорид-ионов, н.д | BC38: Об.экв.к.аммиака, н.д/2л | BD38: Об.экв.к. хлорид-ионов, н.д | BE38: Об.экв.к.аммиака, н.д/2л | BF38: Об.экв.к. хлорид-ионов, н.д | BG38: Об.экв.к.двуок.угл., н.д. | BH38: № | BI38: t газовой смеси на выходе из ДС ,0C | BJ38: t газовой смеси на выходе из КДС,0C | BK38: t газовой смеси на выходе из ХГДС,0C | BL38: t газа на выходе из АБ1/АБ2,0C | BM38: Р в нижней зоне ДС,кгс/см2 | BN38: Расход ФЖ на элемент ДС,м3/ч | CX38: Потери л/ф | CY38: =MIN(D47:D48,AL47:AL48) -> 6.2 | CZ38: - | DA38: =MAX(D47:D48,AL47:AL48) -> 10.3
G39: 1л/ф | H39: 2 л/ф | I39: б/ф | Z39: эл. | AO39: 1л/ф | AP39: 2 л/ф | AQ39: б/ф | BH39: эл. | CX39: СL МЖ л/ф | CY39: =MIN(G40:H51,B40:B41,AJ40:AJ41,AO40:AP51) -> 84.1 | CZ39: - | DA39: =MAX(G40:H51,B40:B41,AJ40:AJ41,AO40:AP51) -> 90.1
A40: МЖ 1л/ф | B40: 85.7 | C40: 32.6 | D40: 89 | E40: =D40-C40 -> 56.4 | F40: 44 | G40: 85.7 | H40: 86.1 | I40: 74.5 | J40: 80.9 | K40: 28.6 | L40: 80.9 | M40: =L40-K40 -> 52.3 | N40: 2 | O40: 3.2 | P40: 4.8 | Q40: 64.1 | R40: 3 | S40: 4.4 | T40: 61.7 | U40: 4 | V40: 0.04 | W40: 6 | X40: 0.08 | Z40: 1 | AC40: 60 | AD40: 62 | AG40: 0.875 | AI40: МЖ 1л/ф | AJ40: 89.7 | AK40: 31.8 | AL40: 89.4 | AM40: =AL40-AK40 -> 57.6 | AN40: 40.6 | AO40: 88.9 | AP40: 88.9 | AQ40: 78.5 | AR40: 82.5 | AS40: 32.2 | AT40: 83.3 | AU40: =AT40-AS40 -> 51.1 | AV40: =N40 -> 2 | AW40: 2.6 | AX40: 4.8 | AY40: 64.1 | AZ40: 1.4 | BA40: 6.8 | BB40: 64.1 | BC40: 4 | BD40: 0.06 | BE40: 8 | BF40: 0.12 | BH40: 1 | BK40: 62 | BL40: 64 | BO40: 0.375 | BR40: Расход промывной воды на ленточные вакуум-фильтры, (м³/т.соды) | BT40: =BU78 -> 1.054 | BV40: =BU79 -> 0.891 | CX40: Потери б/ф | CY40: =MIN(AF60,BN60) -> 14.6 | CZ40: - | DA40: =MAX(AF60,BN60) -> 15.7
A41: МЖ 2л/ф | B41: 85.7 | C41: 32.2 | D41: 88.2 | E41: =D41-C41 -> 56 | F41: 43.5 | L41: н.тех.п. | N41: 4 | O41: 2.8 | P41: 5.6 | Q41: 62.5 | T41: н.тех.п. | Y41: 1.5 | Z41: 2 | AA41: 96 | AB41: 76 | AE41: 0.17 | AF41: 179 | AI41: МЖ 2л/ф | AJ41: 88.9 | AK41: 29.4 | AL41: 88.6 | AM41: =AL41-AK41 -> 59.2 | AN41: 39.2 | AV41: =N41 -> 4 | AW41: 2.4 | AX41: 6 | AY41: 65.7 | BG41: 0.36 | BH41: 2 | BI41: 100 | BJ41: 90 | BM41: 0.08 | BN41: 113 | CX41: СL в МЖ б/ф | CY41: =MIN(I40:I51,B44,AQ40:AQ51,AJ44) -> 74.5 | CZ41: - | DA41: =MAX(I40:I51,B44,AQ40:AQ51,AJ44) -> 87.3
A42: МЖ л/ф ср.зн. | B42: =AVERAGE(B40:B41) -> 85.7 | C42: =AVERAGE(C40:C41) -> 32.4 | D42: =AVERAGE(D40:D41) -> 88.6 | E42: =D42-C42 -> 56.2 | F42: =AVERAGE(F40:F41) -> 43.75 | N42: 6 | O42: 2.6 | P42: 4 | Q42: 62.5 | R42: 3 | S42: 4 | Z42: 3 | AC42: 58 | AD42: 57 | AI42: МЖ л/ф ср.зн. | AJ42: =AVERAGE(AJ40:AJ41) -> 89.3 | AK42: =AVERAGE(AK40:AK41) -> 30.6 | AL42: =AVERAGE(AL40:AL41) -> 89 | AM42: =AL42-AK42 -> 58.4 | AN42: =AVERAGE(AN40:AN41) -> 39.9 | AV42: =N42 -> 6 | AW42: 1.8 | AX42: 4 | AY42: 65.7 | AZ42: 2.2 | BA42: 6.8 | BH42: 3 | BK42: 73 | BL42: 60 | CX42: Т0 пр. воды | CY42: =MIN(F72,AN72) -> 29 | CZ42: - | DA42: =MAX(F72,AN72) -> 33
A43: Сусп.л/ф ср.зн. | B43: =AVERAGE(Q33,U33) -> 96.2 | C43: =AVERAGE(R33,V33) -> 29.8 | D43: =AVERAGE(S33,W33) -> 97.6 | E43: =D43-C43 -> 67.8 | F43: =AVERAGE(T34,X34) -> 43 | L43: н.тех.п. | T43: н.тех.п. | Y43: 1.25 | Z43: 4 | AA43: 95 | AB43: 73 | AE43: 0.25 | AF43: 120 | AI43: Сусп.л/ф ср.зн. | AJ43: =AVERAGE(AY33,BC33) -> 98.2 | AK43: =AVERAGE(AZ33,BD33) -> 27.8 | AL43: =AVERAGE(BA33,BE33) -> 97.8 | AM43: =AL43-AK43 -> 70 | AN43: =AVERAGE(BB34,BF34) -> 36.2 | AV43: 7 | AW43: 2.2 | AX43: 4 | AY43: 64.1 | BG43: 0.46 | BH43: 4 | BI43: 99 | BJ43: 87 | BM43: 0.19 | BN43: 69 | CX43: СL пр.воды | CY43: =MIN(C78:C89,AK78:AK89) -> 0.06 | CZ43: - | DA43: =MAX(C78:C89,AK78:AK89) -> 0.06
A44: МЖ б/ф | B44: 75.3 | C44: 33 | D44: 78.9 | E44: =D44-C44 -> 45.9 | F44: 47.1 | G44: 86.5 | H44: 84.1 | I44: 76.1 | J44: 81.3 | K44: 31.8 | L44: 83.7 | M44: =L44-K44 -> 51.9 | R44: 2.4 | S44: 4 | T44: 61.7 | Z44: 5 | AC44: 57 | AD44: 56 | AI44: МЖ б/ф | AJ44: 82.5 | AK44: 33 | AL44: 82.9 | AM44: =AL44-AK44 -> 49.9 | AN44: 40.9 | AZ44: 1.8 | BA44: 10.8 | BH44: 5 | BK44: 69 | BL44: 65 | BR44: Расход рассола очищенного в пересчёте на физический, (м3/т.соды) | BT44: =ROUND(BT47/2.925/BS82*1000,3) -> 5.906 | BV44: =ROUND(BV47/2.925/BS83*1000,3) -> 5.969 | CX44: Общ.щ. Пр.воды | CY44: =MIN(B78:B89,AJ78:AJ89) -> 12.1 | CZ44: - | DA44: =MAX(B78:B89,AJ78:AJ89) -> 14.1
A45: Утилизация натрия, % | D45: Потери гидрокарбоната натрия, % | L45: н.тех.п. | T45: н.тех.п. | Y45: 1.12 | Z45: 6 | AA45: 95 | AB45: 70 | AE45: 0.28 | AF45: 162 | AI45: Утилизация натрия, % | AL45: Потери гидрокарбоната натрия, % | BG45: 0.49 | BH45: 6 | BI45: 99 | BJ45: 84 | BM45: 0.19 | BN45: 107 | CX45: СL в соде | CY45: =MIN(D95:D106,H95:H106,L95:L106,P95:P106,AL95:AL106,AP95:AP106,AT95:AT106,AX95:AX106,T95:T106,BB95:BB106) -> 0.14 | CZ45: - | DA45: =MAX(D95:D106,H95:H106,L95:L106,P95:P106,AL95:AL106,AP95:AP106,AT95:AT106,AX95:AX106,T95:T106,BB95:BB106) -> 0.2
B46: Кл | C46: МЖ | R46: 2.2 | S46: 5.2 | T46: 61.7 | V46: 0.04 | X46: 0.08 | Z46: 7 | AC46: 89 | AD46: 49 | AJ46: Кл | AK46: МЖ. | AO46: 88.9 | AP46: 90.1 | AQ46: 74.5 | AR46: 84.1 | AS46: 32.6 | AT46: 85.7 | AU46: =AT46-AS46 -> 53.1 | AZ46: 2 | BA46: 4 | BB46: 65.7 | BD46: 0.08 | BF46: 0.16 | BG46: 0.55 | BH46: 7 | BI46: 96 | BJ46: 76 | BK46: 59 | BL46: 61 | BM46: 0.17 | BN46: 124 | CN46: Инженер-лаборант | CR46: А.И.Захарова | CX46: Вакуум на в/ф | CY46: =MAX(H78:H89,AP78:AP89) -> 330 | CZ46: - | DA46: =MIN(H78:H89,AP78:AP89) -> 262
A47: 1 л/ф | B47: =ROUND(T33/Q33*100,1) -> 70.6 | C47: =ROUND(E40/B40*100,1) -> 65.8 | D47: =ROUND((B47-C47)/B47*100,1) -> 6.8 | L47: н.тех.п. | N47: № эл. | O47: Усредненные пробы за смену | T47: н.тех.п. | Z47: ср.зн. | AA47: =ROUND(AVERAGE(AA40:AA46),) -> 95 | AB47: =ROUND(AVERAGE(AB40:AB46),) -> 73 | AC47: =ROUND(AVERAGE(AC40:AC46),) -> 66 | AD47: =ROUND(AVERAGE(AD40:AD46),) -> 56 | AE47: =ROUND(AVERAGE(AE40:AE46),2) -> 0.23 | AF47: =ROUND(SUM(AF40:AF46),) -> 461 | AI47: 1 л/ф | AJ47: =ROUND(BB33/AY33*100,1) -> 71.6 | AK47: =ROUND(AM40/AJ40*100,1) -> 64.2 | AL47: =ROUND((AJ47-AK47)/AJ47*100,1) -> 10.3 | AV47: № эл. | AW47: Усредненные пробы за смену | BH47: ср.зн. | BI47: =ROUND(AVERAGE(BI40:BI46),) -> 99 | BJ47: =ROUND(AVERAGE(BJ40:BJ46),) -> 84 | BK47: =ROUND(AVERAGE(BK40:BK46),) -> 66 | BL47: =ROUND(AVERAGE(BL40:BL46),) -> 63 | BM47: =ROUND(AVERAGE(BM40:BM46),2) -> 0.16 | BN47: =ROUND(SUM(BN40:BN46),) -> 413 | BR47: Расход рассола очищенного в пересчете на 100 % NaCI, (т/т.соды) | BT47: =ROUND(BT30*310/1000,3) -> 1.795 | BV47: =ROUND(BV30*310/1000,3) -> 1.821 | CN47: должность | CP47: подпись | CR47: расшифровка подписи
A48: 2 л/ф | B48: =ROUND(X33/U33*100,1) -> 70.4 | C48: =ROUND(E41/B41*100,1) -> 65.3 | D48: =ROUND((B48-C48)/B48*100,1) -> 7.2 | G48: 88.1 | H48: 88.1 | I48: 87.3 | J48: 82.9 | K48: 37.5 | L48: 85.3 | M48: =L48-K48 -> 47.8 | N48: =N40 -> 2 | O48: 3 | P48: 6.4 | Q48: 62.4 | R48: 2.6 | S48: 6 | Z48: 1 | AC48: 60 | AD48: 62 | AG48: 0.20833333 | AI48: 2 л/ф | AJ48: =ROUND(BF33/BC33*100,1) -> 71 | AK48: =ROUND(AM41/AJ41*100,1) -> 66.6 | AL48: =ROUND((AJ48-AK48)/AJ48*100,1) -> 6.2 | AV48: =AV40 -> 2 | AW48: 2.4 | AX48: 4.8 | AY48: 64.9 | AZ48: 1.6 | BA48: 4.4 | BH48: 1 | BK48: 60 | BL48: 59 | BO48: 0.70833333
A49: Количество л/ф | B49: =COUNT(B40:B41) -> 2 | L49: н.тех.п. | N49: =N41 -> 4 | O49: 2.4 | P49: 4.8 | Q49: 60.9 | T49: н.тех.п. | Z49: 2 | AA49: 95 | AB49: 74 | AE49: 0.22 | AF49: 183 | AI49: Количество л/ф | AJ49: =COUNT(AJ40:AJ41) -> 2 | AV49: =AV41 -> 4 | AW49: 2.8 | AX49: 4 | AY49: 64.1 | BH49: 2 | BI49: 96 | BJ49: 75 | BM49: 0.19 | BN49: 178
L50: н.тех.п. | N50: =N42 -> 6 | O50: 3.2 | P50: 4 | Q50: 61.7 | T50: н.тех.п. | Z50: 3 | AC50: 58 | AD50: 57 | AV50: =AV42 -> 6 | AW50: 2.4 | AX50: 5.2 | AY50: 64.9 | AZ50: 3.2 | BA50: 4 | BH50: 3 | BK50: 58 | BL50: 57 | BR50: Расход извести в пересчёте на 100 % СаО, (кг/т.соды) | BT50: =ROUND(BT37*0.85,3) -> 621.24 | BV50: =ROUND(BV37*0.85,3) -> 604.94
L51: н.тех.п. | T51: н.тех.п. | Z51: 4 | AA51: 93 | AB51: 67 | AE51: 0.31 | AF51: 125 | AI51: Конденсат на выходе из ХГСП | AV51: =AV43 -> 7 | AW51: 2.2 | AX51: 5.6 | AY51: 64.1 | AZ51: н.тех.п | BH51: 4 | BI51: 96 | BJ51: 74 | BM51: 0.25 | BN51: 115
Z52: 5 | AC52: 55 | AD52: 57 | AI52: Об.экв.к. хлорид-ионов, н.д | AJ52: Общая щелочность (пр.т.), н.д | AK52: Об.экв.к.ионов аммония, н.д | AL52: Об.экв.к. двуок.угл., н.д. | BH52: 5 | BK52: 60 | BL52: 57 | CN52: Сведения приняты:
H53: уср. проба за смену | J53: 81.7 | K53: 32.6 | L53: 83.7 | M53: =ROUND(L53-K53,1) -> 51.1 | R53: 2.6 | S53: 4.8 | T53: 61.7 | U53: 4 | V53: 0.04 | W53: 5.6 | X53: 0.08 | Z53: 6 | AA53: 95 | AB53: 69 | AE53: 0.31 | AF53: 159 | AP53: уср. проба за смену | AR53: 84.9 | AS53: 32.2 | AT53: 84.5 | AU53: =ROUND(AT53-AS53,1) -> 52.3 | AZ53: 1.8 | BA53: 5.2 | BB53: 64.1 | BC53: 4 | BD53: 0.08 | BE53: 6 | BF53: 0.12 | BH53: 6 | BI53: 96 | BJ53: 77 | BM53: 0.24 | BN53: 130 | CN53: Экономист ПЭУ
J54: Об.экв.к.двуок.угл.,н.д. | L54: 44.8 | R54: уср. проба за смену | T54: Об.экв.к. двуок.угл., н.д. | U54: 8.1 | V54: Об.экв.к. двуок.угл., н.д. | W54: 1.25 | Z54: 7 | AC54: 85 | AD54: 56 | AI54: 0.04 | AJ54: 40.7 | AK54: 33 | AL54: 37.5 | AR54: Об.экв.к.двуок.угл.,н.д. | AT54: 42.8 | AZ54: уср. проба за смену | BB54: Об.экв.к. двуок.угл., н.д. | BC54: 7.3 | BD54: Об.экв.к. двуок.угл., н.д. | BE54: 0.78 | BH54: 7 | BI54: 96 | BJ54: 71 | BK54: 57 | BL54: 57 | BM54: 0.29 | BN54: 145
A55: Коллектор отходящей воды: Массовая концентрация аммиака и ионов аммония в пересчёте на ион аммония, мг/дм3 | N55: ср.зн. | O55: =ROUND(AVERAGE(O48:O54),1) -> 2.9 | P55: =ROUND(AVERAGE(P48:P54),1) -> 5.1 | Q55: =ROUND(AVERAGE(Q48:Q54),1) -> 61.7 | Y55: =ROUND(AVERAGE(Y40:Y54),2) -> 1.29 | Z55: ср.зн. | AA55: =ROUND(AVERAGE(AA48:AA54,AA40:AA46),) -> 95 | AB55: =ROUND(AVERAGE(AB48:AB54,AB40:AB46),) -> 72 | AC55: =ROUND(AVERAGE(AC48:AC54,AC40:AC46),) -> 65 | AD55: =ROUND(AVERAGE(AD48:AD54,AD40:AD46),) -> 57 | AE55: =ROUND(AVERAGE(AE48:AE54,AE40:AE46),2) -> 0.26 | AF55: =ROUND(SUM(AF48:AF54),) -> 467 | AI55: Коллектор отходящей воды: Массовая концентрация аммиака и ионов аммония в пересчёте на ион аммония, мг/дм3 | AV55: ср.зн. | AW55: =ROUND(AVERAGE(AW48:AW54),1) -> 2.5 | AX55: =ROUND(AVERAGE(AX48:AX54),1) -> 4.9 | AY55: =ROUND(AVERAGE(AY48:AY54),1) -> 64.5 | BG55: =ROUND(AVERAGE(BG40:BG54),2) -> 0.47 | BH55: ср.зн. | BI55: =ROUND(AVERAGE(BI48:BI54,BI40:BI46),) -> 97 | BJ55: =ROUND(AVERAGE(BJ48:BJ54,BJ40:BJ46),) -> 79 | BK55: =ROUND(AVERAGE(BK48:BK54,BK40:BK46),) -> 62 | BL55: =ROUND(AVERAGE(BL48:BL54,BL40:BL46),) -> 60 | BM55: =ROUND(AVERAGE(BM48:BM54,BM40:BM46),2) -> 0.2 | BN55: =ROUND(SUM(BN48:BN54),) -> 568 | BR55: Инженер 1 категории | BW55: А.З.Краснова | CN55: "______"____________2026г | CR55: И.С. Нохрина
A56: Время | B56: 1059 | C56: 1-2гр. | D56: 3гр. | E56: 4гр. | F56: 4К | G56: отм.0.0м | H56: 12 | I56: 1859 | J56: 223А | K56: об.в. | L56: реч.в. | M56: Дополнительные анализы | X56: Об.экв.к.хлорид-ионов, н.д | Y56: 71.3 | Z56: =COUNT(AA40:AA46,AA48:AA54) -> 6 | AB56: Утилизация натрия, % | AF56: Потери гидрокарбоната натрия ,% | AI56: Время | AJ56: 1059 | AK56: 1-2гр. | AL56: 3гр. | AM56: 4гр. | AN56: 4К | AO56: отм.0.0м | AP56: 12 | AQ56: 1859 | AR56: 223А | AS56: об.в. | AT56: реч.в. | AU56: Дополнительные анализы | BF56: Об.экв.к.хлорид-ионов, н.д | BG56: 72.9 | BH56: =COUNT(BI40:BI46,BI48:BI54) -> 8 | BJ56: Утилизация натрия, % | BN56: Потери гидрокарбоната натрия ,% | CP56: подпись | CR56: расшифровка подписи
A57: 0.83333333 | B57: 0.3 | C57: 0.5 | D57: 0.5 | E57: 0.3 | F57: 0.3 | G57: 0.3 | J57: 0.3 | K57: загаз. | L57: з.т. | AB57: Кл | AC57: л/ф | AD57: =ROUND((E43/B43)*100,1) -> 70.5 | AE57: =ROUND((X35/U35*100),1) -> 70.8 | AI57: 08:00 | AJ57: 0.3 | AK57: 0.3 | AL57: 0.3 | AM57: 0.5 | AN57: 0.5 | AO57: 0.5 | AP57: н.п | AQ57: 0.5 | AR57: 0.3 | AS57: 0.5 | AT57: з.т. | BJ57: Кл | BK57: л/ф | BL57: =ROUND((AM43/AJ43)*100,1) -> 71.3 | BM57: =ROUND((BF35/BC35*100),1) -> 71.5 | BR57: должность | BU57: подпись | BW57: (расшифровка подписи)
A58: 0.083333333 | B58: 0.3 | C58: 0.5 | D58: 0.5 | E58: 0.3 | F58: 0.3 | G58: 0.3 | J58: 0.5 | K58: 0.3 | L58: з.т. | AC58: б/ф | AD58: =ROUND((AB33/Y33)*100,1) -> 71.4 | AI58: 0.58333333 | AJ58: 0.3 | AK58: 0.3 | AL58: 0.3 | AM58: 0.3 | AN58: 0.3 | AO58: 0.3 | AR58: 0.3 | AS58: 0.3 | AT58: з.т. | BK58: б/ф | BL58: =ROUND((BJ33/BG33)*100,1) -> 71.8
A59: ср.зн. | B59: =ROUND(AVERAGE(B57:B58),1) -> 0.3 | C59: =ROUND(AVERAGE(C57:C58),1) -> 0.5 | D59: =ROUND(AVERAGE(D57:D58),1) -> 0.5 | E59: =ROUND(AVERAGE(E57:E58),1) -> 0.3 | F59: =ROUND(AVERAGE(F57:F58),1) -> 0.3 | G59: =ROUND(AVERAGE(G57:G58),1) -> 0.3 | H59: =ROUND(AVERAGE(H57:H58),1) -> #DIV/0! | I59: =ROUND(AVERAGE(I57:I58),1) -> #DIV/0! | ... L59: =ROUND(AVERAGE(L57:L58),1) -> #DIV/0! | AB59: МЖ с в/ф | AC59: л/ф | AD59: =ROUND((E42/B42*100),1) -> 65.6 | AE59: =ROUND((AD59*6.5+AD60*I90)/(6.5+I90),1) -> 64.5 | AF59: =ROUND((AD57-AD59)/AD57*100,1) -> 7 | AG59: =ROUND((AE57-AE59)/AE57*100,1) -> 8.9 | AI59: ср.зн. | AJ59: =ROUND(AVERAGE(AJ57:AJ58),1) -> 0.3 | AK59: =ROUND(AVERAGE(AK57:AK58),1) -> 0.3 | AL59: =ROUND(AVERAGE(AL57:AL58),1) -> 0.3 | AM59: =ROUND(AVERAGE(AM57:AM58),1) -> 0.4 | AN59: =ROUND(AVERAGE(AN57:AN58),1) -> 0.4 | AO59: =ROUND(AVERAGE(AO57:AO58),1) -> 0.4 | AP59: =ROUND(AVERAGE(AP57:AP58),1) -> #DIV/0! | AQ59: =ROUND(AVERAGE(AQ57:AQ58),1) -> 0.5 | ... AT59: =ROUND(AVERAGE(AT57:AT58),1) -> #DIV/0! | BJ59: МЖ с в/ф | BK59: л/ф | BL59: =ROUND((AM42/AJ42*100),1) -> 65.4 | BM59: =ROUND((BL59*6.5+BL60*AQ90)/(6.5+AQ90),1) -> 64.2 | BN59: =ROUND((BL57-BL59)/BL57*100,1) -> 8.3 | BO59: =ROUND((BM57-BM59)/BM57*100,1) -> 10.2 | BR59: Сведения приняты:
AC60: б/ф | AD60: =ROUND((E44/B44*100),1) -> 61 | AE60: =ROUND((AC60*6.5+AD60*G89)/(6.5+G89),1) -> #VALUE! | AF60: =ROUND((AD58-AD60)/AD58*100,1) -> 14.6 | AI60: 0.625 | AO60: 0.3 | AS60: 0.3 | BK60: б/ф | BL60: =ROUND((AM44/AJ44*100),1) -> 60.5 | BM60: =ROUND((BK60*6.5+BL60*AO89)/(6.5+AO89),1) -> #VALUE! | BN60: =ROUND((BL58-BL60)/BL58*100,1) -> 15.7 | BR60: Экономист ПЭУ | CX60: Т-р соды | CY60: =MIN(C95:C106,G95:G106,K95:K106,O95:O106,AK95:AK106,AO95:AO106,AS95:AS106,AW95:AW106,S95:S106,BA95:BA106) -> 99.33 | CZ60: - | DA60: =MAX(C95:C106,G95:G106,K95:K106,O95:O106,AK95:AK106,AO95:AO106,AS95:AS106,AW95:AW106,S95:S106,BA95:BA106) -> 99.33
AB61: СФЖ | AD61: =ROUND((M53*BS85)/(J53*BS86)*100,1) -> 61.5 | AF61: =ROUND((AE57-AD61)/AE57*100,1) -> 13.1 | BJ61: СФЖ | BL61: =ROUND((AU53*BS85)/(AR53*BS86)*100,1) -> 60.6 | BN61: =ROUND((BM57-BL61)/BM57*100,1) -> 15.2 | BW61: И.С. Нохрина | CX61: t соды | CY61: =MIN(AK111:AZ111,C111:R111) -> 146 | CZ61: - | DA61: =MAX(AK111:AZ111,C111:R111) -> 164
BR62: "______"____________2026 г | BU62: ______________ | CX62: t топоч. | CY62: =MIN(AK115:AZ115,C115:R115) -> 358 | CZ62: - | DA62: =MAX(AK115:AZ115,C115:R115) -> 499
S63: лаборатория № 3 | W63: лаборатория № 4 | AB63: Уровень САР 1бак | AC63: начало смены | AD63: 170 | AE63: Уровень СФЖ 1бак | AF63: начало смены | AG63: 600 | BA63: лаборатория № 3 | BE63: лаборатория № 4 | BJ63: Уровень САР 1бак | BK63: начало смены | BL63: 200 | BM63: Уровень СФЖ 1бак | BN63: начало смены | BO63: 460 | BU63: подпись | BW63: (расшифровка подписи) | CX63: СО2топоч. | CY63: =MIN(AK116:AZ116,C116:R116) -> 9 | CZ63: - | DA63: =MAX(AK116:AZ116,C116:R116) -> 9.4
A64: Начальник смены по производству № 4: | F64: Бакиев | K64: по производству № 5: | L64: Янгиров | P64: Лаборант хим.анализа | S64: Сафина | W64: Каримова | AC64: конец смены | AD64: 200 | AF64: конец смены | AG64: 460 | AI64: Начальник смены по производству № 4: | AN64: Карпов | AS64: по производству № 5: | AT64: Федоров | AX64: Лаборант хим.анализа | BA64: Барменкова | BE64: Аксарина | BK64: конец смены | BL64: 150 | BN64: конец смены | BO64: 480 | CX64: СО2 Sb. | CY64: =MIN(BJ78:BJ89,AB78:AB89) -> 80 | CZ64: - | DA64: =MAX(BJ78:BJ89,AB78:AB89) -> 81
A65: Мастер смены отд. АД-1: | F65: Баймуратов | P65: Лаборант хим.анализа | S65: Ямалеева | W65: Кривохат | AB65: Уровень САР 2бак | AC65: начало смены | AD65: 200 | AE65: Уровень СФЖ 2бак | AF65: начало смены | AI65: Мастер смены отд. АД-1: | AN65: Исаев | AX65: Лаборант хим.анализа | BA65: Прозорова | BE65: Алексеева | BJ65: Уровень САР 2бак | BK65: начало смены | BL65: 230 | BM65: Уровень СФЖ 2бак | BN65: начало смены | CX65: удл.бараб | CY65: =MIN(AK112:AZ112,C112:R112) -> 91 | CZ65: - | DA65: =MAX(AK112:AZ112,C112:R112) -> 109
A66: Мастер смены отд.Карбонизации-1: | F66: Шутенко | P66: Лаборант хим.анализа | S66: Хамзина | AC66: конец смены | AD66: 230 | AF66: конец смены | AI66: Мастер смены отд.Карбонизации-1: | AN66: Николаев | AX66: Лаборант хим.анализа | BK66: конец смены | BL66: 180 | BN66: конец смены | CX66: СО2 ПК. | CY66: =MIN(BI78:BI89,AA78:AA89) -> 70 | CZ66: - | DA66: =MAX(BI78:BI89,AA78:AA89) -> 75
A67: Мастер смены отд.Кальцинации-1: | F67: Трясцин | AI67: Мастер смены отд.Кальцинации-1: | AN67: Байбородов | CX67: t ПК. | CY67: =MIN(BG113:BN113,Y113:AF113) -> 170 | CZ67: - | DA67: =MAX(BG113:BN113,Y113:AF113) -> 180
A68: Мастер смены отд. Компрессии-1: | F68: Кириллов | AI68: Мастер смены отд. Компрессии-1: | AN68: Чурагулов | CX68: t топоч. | CY68: =MIN(AK115:AZ115,C115:R115) -> 358 | CZ68: - | DA68: =MAX(AK115:AZ115,C115:R115) -> 499
F69: =H1 -> Лист результатов контроля технологического режима цеха № 66 (отделений Абсорбции-дистилляции-1, Карбонизации-1), цеха № 83 (отделения Кальцинации-1), цеха № 85 (отделения Компрессии-1) | AN69: =H1 -> Лист результатов контроля технологического режима цеха № 66 (отделений Абсорбции-дистилляции-1, Карбонизации-1), цеха № 83 (отделения Кальцинации-1), цеха № 85 (отделения Компрессии-1) | CN69: 1 сода | CO69: к-во ш/ч | CP69: к-во откл | CQ69: % | CR69: 3 сода | CS69: к-во ш/ч | CT69: к-во откл | CU69: % | CX69: t газа 1 вх | CY69: =MIN(AW125:AW128,O125:O128) -> 54 | CZ69: - | DA69: =MAX(AW125:AW128,O125:O128) -> 56
B70: Р н.в. | C70: 741 | D70: мм рт ст | AE70: страница 2 | AJ70: Р н.в. | AK70: 739 | AL70: мм рт ст | BM70: страница 2 | CN70: смена1 | CQ70: =ROUND(CP70/CO70*100,1) -> #DIV/0! | CR70: смена1 | CS70: 12 | CU70: =ROUND(CT70/CS70*100,1) -> 0 | CX70: t газа 2 вх | CY70: =MIN(AX125:AX128,P125:P128) -> 60 | CZ70: - | DA70: =MAX(AX125:AX128,P125:P128) -> 62
B71: t0 н.в. | C71: 0 | D71: 0C | AJ71: t0 н.в. | AK71: 0 | AL71: 0C | BR71: Утил.Na | BS71: NH₃ связ. | BT71: Cl | BU71: Cl | BV71: м.д.влаги | CN71: смена2 | CQ71: =ROUND(CP71/CO71*100,1) -> #DIV/0! | CR71: смена2 | CS71: 12 | CU71: =ROUND(CT71/CS71*100,1) -> 0 | CX71: t газа ф.г. | CY71: =MIN(AY125:AY128,Q125:Q128) -> 50 | CZ71: - | DA71: =MAX(AY125:AY128,Q125:Q128) -> 59
B72: t0 р.в. | C72: 2 | D72: 0C | E72: t0 пр.в | F72: 29 | G72: 0C | L72: Дата | N72: =N4 -> 04.03.2026г | Q72: Смена | S72: 1 | U72: Бригада | W72: =W4 -> А | AJ72: t0 р.в. | AK72: 2 | AM72: t0 пр.в | AN72: 33 | AO72: 0C | AT72: Дата | AV72: =AV4 -> 04.03.2026г | AY72: Смена | BA72: 2 | BC72: Бригада | BE72: =BE4 -> в | BR72: в маточной жидкости с л/ф | BS72: в маточной жидкости с л/ф | BT72: в маточной жидкости с л/ф | BU72: в суспензии с л/ф | BV72: в бикарбонате с л.ф. | CX72: дав-е 1 вх | CY72: =MIN(AT125:AT128,L125:L128) -> 3.6 | CZ72: - | DA72: =MAX(AT125:AT128,L125:L128) -> 3.6
B73: t0 об.в. | C73: 20 | D73: 0C | E73: t0 ам. рассола | F73: 64 | G73: 0C | AJ73: t0 об.в. | AK73: 19 | AL73: 0C | AM73: t0 ам. рассола | AN73: 62 | AO73: 0C | BR73: =ROUND(BS73/BT73,3)*100 -> 65.6 | BS73: =E42 -> 56.2 | BT73: =B42 -> 85.7 | BU73: =B43 -> 96.2 | BV73: =F91 -> 16.6 | CX73: дав-е 2 вх | CY73: =MIN(AU125:AU128,M125:M128) -> 3.1 | CZ73: - | DA73: =MAX(AU125:AU128,M125:M128) -> 3.2
F74: СТАНЦИЯ ФИЛЬТРАЦИИ | AN74: СТАНЦИЯ ФИЛЬТРАЦИИ | BR74: =ROUND(BS74/BT74,3)*100 -> 65.4 | BS74: =AM42 -> 58.4 | BT74: =AJ42 -> 89.3 | BU74: =AJ43 -> 98.2 | BV74: =AN91 -> 15.9 | CX74: дав-е ф.г. | CY74: =MIN(AV125:AV128,N125:N128) -> 3.7 | CZ74: - | DA74: =MAX(AV125:AV128,N125:N128) -> 3.9
A75: Время | B75: Промывная вода | E75: Сырой гидрокарбонат натрия | W75: Объёмная доля СО2 в газе, % | AI75: Время | AJ75: Промывная вода | AM75: Сырой гидрокарбонат натрия | BE75: Объёмная доля СО2 в газе, % | CX75: разр-ие газа | CY75: =MIN(AZ125,R125) -> 368 | CZ75: - | DA75: =MAX(AZ125,R125) -> 395
B76: Общая щелочность (пр.т.),н.д | C76: Об.экв.к. хлорид-ионов,н.д | D76: Об.экв.к. двуок.угл., н.д. | E76: Массовая доля влаги, % | H76: Вакуум на машины,мм.рт.ст. | I76: Кол-во л/ф | J76: Кол-во б/ф | K76: Массовая доля хлоридов, % | U76: М.д.железа в пересч. на оксид железа (III),% | W76: известковых печей | AA76: ПК 4 | AB76: СП | AC76: ПГАБ | AD76: коллектор газа 1 ввода | AF76: коллектор газа 2 ввода | AJ76: Общая щелочность (пр.т.),н.д | AK76: Об.экв.к. хлорид-ионов,н.д | AL76: Об.экв.к. двуок.угл., н.д. | AM76: Массовая доля влаги, % | AP76: Вакуум на машины,мм.рт.ст. | AQ76: Кол-во л/ф | AR76: Кол-во б/ф | AS76: Массовая доля хлоридов, % | BC76: М.д.железа в пересч. на оксид железа (III),% | BE76: известковых печей | BI76: ПК 4 | BJ76: СП | BK76: ПГАБ | BL76: коллектор газа 1 ввода | BN76: коллектор газа 2 ввода | BR76: V | BS76: V | BT76: V | BU76: V | CN76: 12 | CS76: 1859
E77: 1 л/ф | F77: 2 л/ф | G77: б/ф | K77: 1 л/ф | L77: 2 л/ф | M77: 12 б/ф | N77: 13 б/ф | O77: 14 б/ф | P77: 15 б/ф | Q77: 16 б/ф | R77: 17 б/ф | S77: 18 б/ф | T77: 19 б/ф | U77: л/ф | V77: б/ф | W77: Центр. | X77: Северн. | Y77: Южн. | Z77: вакуум,мм.рт.ст. | AG77: замер | AM77: 1 л/ф | AN77: 2 л/ф | AO77: б/ф | AS77: 1 л/ф | AT77: 2 л/ф | AU77: 12 б/ф | AV77: 13 б/ф | AW77: 14 б/ф | AX77: 15 б/ф | AY77: 16 б/ф | AZ77: 17 б/ф | BA77: 18 б/ф | BB77: 19 б/ф | BC77: л/ф | BD77: б/ф | BE77: Центр. | BF77: Северн. | BG77: Южн. | BH77: вакуум,мм.рт.ст. | BO77: замер | BR77: очищ.рассола | BS77: маточной жидкости | BT77: суспензии | BU77: пр. воды | CN77: мин | CO77: макс | CP77: ср.знач. | CQ77: кол. Ан | CR77: кол. Откл | CS77: мин | CT77: макс | CU77: ср.знач. | CV77: кол. Ан | CW77: кол. Откл
A78: 20:00-21:00 | B78: 13.3 | C78: 0.06 | E78: 15.2 | F78: 17.7 | G78: 17.5 | H78: 311 | I78: 2 | J78: 1 | K78: 0.07 | L78: 0.27 | T78: 0.06 | U78: 0.0011 | V78: 0.0008 | AI78: 08:00-09:00 | AJ78: 13.6 | AK78: 0.06 | AM78: 14.4 | AN78: 17.9 | AO78: 20.1 | AP78: 287 | AQ78: 2 | AR78: 5 | AS78: 0.06 | AT78: 0.13 | AX78: 0.06 | AY78: 0.06 | AZ78: 0.07 | BA78: 0.06 | BB78: 0.07 | BC78: 0.0007 | BD78: 0.0008 | BR78: =ROUND(3.56/BR73*100,3) -> 5.427 | BS78: =ROUND(BR78*106/BT73,3) -> 6.713 | BT78: =ROUND(BR78*106/BU73,3) -> 5.98 | BU78: =ROUND(BS78-BT78+BV73/(98.5-BV73)*168/106,3) -> 1.054 | CN78: =MIN(H57:H58) -> 0 | CO78: =MAX(H57:H58) -> 0 | CP78: =AVERAGE(H57:H58) -> #DIV/0! | CQ78: =COUNT(H57:H58) -> 0 | CR78: =COUNTIF(H57:H58,">0,5") -> 0 | CS78: =MIN(I57:I58) -> 0 | CT78: =MAX(I57:I58) -> 0 | CU78: =AVERAGE(I57:I58) -> #DIV/0! | CV78: =COUNT(I57:I58) -> 0 | CW78: =COUNTIF(I57:I58,">0,5") -> 0
A79: 21:00-22:00 | F79: н.тех.п. | H79: 308 | I79: 2 | J79: 1 | Z79: 16 | AA79: 70 | AB79: 81 | AC79: 83 | AD79: 56 | AG79: 37.8 | AI79: 09:00-10:00 | AN79: н.тех.п | AP79: 283 | AQ79: 2 | AR79: 5 | AT79: н.тех.п | BA79: н.тех.п | BK79: 83 | BL79: 50 | BR79: =ROUND(3.56/BR74*100,3) -> 5.443 | BS79: =ROUND(BR79*106/BT74,3) -> 6.461 | BT79: =ROUND(BR79*106/BU74,3) -> 5.875 | BU79: =ROUND(BS79-BT79+BV74/(98.5-BV74)*168/106,3) -> 0.891 | CN79: =MIN(AP57:AP58) -> 0 | CO79: =MAX(AP57:AP58) -> 0 | CP79: =AVERAGE(AP57:AP58) -> #DIV/0! | CQ79: =COUNT(AP57:AP58) -> 0 | CR79: =COUNTIF(AP57:AP58,">0,5") -> 0 | CS79: =MIN(AQ57:AQ58) -> 0.5 | CT79: =MAX(AQ57:AQ58) -> 0.5 | CU79: =AVERAGE(AQ57:AQ58) -> 0.5 | CV79: =COUNT(AQ57:AQ58) -> 1 | CW79: =COUNTIF(AQ57:AQ58,">0,5") -> 0
A80: 22:00-23:00 | E80: 17.9 | F80: 16.9 | G80: 16 | H80: 307 | I80: 2 | J80: 1 | K80: 0.06 | L80: 0.06 | T80: 0.06 | AI80: 10:00-11:00 | AP80: 304 | AQ80: 2 | AR80: 5 | AS80: 0.06 | AT80: 0.06 | AU80: 0.06 | BH80: 16 | BI80: 75 | BJ80: 80 | BO80: 35.8
A81: 23:00-24:00 | F81: н.тех.п. | H81: 307 | I81: 2 | J81: 1 | AI81: 11:00-12:00 | AN81: н.тех.п | AP81: 304 | AQ81: 2 | AR81: 2 | AT81: н.тех.п | BA81: н.тех.п | BR81: смена | BS81: Cl в очищенном рассоле
A82: 24:00-01:00 | E82: 15.2 | F82: 12.9 | G82: 16.2 | H82: 307 | I82: 2 | J82: 1 | K82: 0.06 | L82: 0.06 | T82: 0.06 | AI82: 12:00-13:00 | AN82: Доп.ан. | AP82: 304 | AQ82: 2 | AR82: 2 | AS82: 0.06 | AT82: 0.06 | AY82: 0.06 | BB82: 0.07 | BR82: 1 | BS82: 103.9
A83: 01:00-02:00 | F83: н.тех.п. | H83: 322 | I83: 2 | J83: 1 | AI83: 13:00-14:00 | AN83: н.тех.п | AP83: 322 | AQ83: 2 | AR83: 5 | AT83: н.тех.п | BA83: н.тех.п | BR83: 2 | BS83: 104.3
A84: 02:00-03:00 | B84: 14.1 | C84: 0.06 | E84: 17.9 | F84: 16.2 | G84: 15 | H84: 330 | I84: 2 | J84: 1 | K84: 0.06 | L84: 0.06 | T84: 0.06 | U84: 0.0015 | V84: 0.0007 | AI84: 14:00-15:00 | AJ84: 12.1 | AK84: 0.06 | AM84: 14.6 | AN84: 15.4 | AO84: 20.3 | AP84: 330 | AQ84: 2 | AR84: 5 | AS84: 0.06 | AT84: 0.07 | AX84: 0.06 | AY84: 0.06 | AZ84: 0.07 | BA84: 0.07 | BB84: 0.07 | BC84: 0.0005 | BD84: 0.0005 | BK84: 81 | BL84: 59
A85: 03:00-04:00 | F85: н.тех.п. | H85: 293 | I85: 2 | J85: 1 | AC85: 89 | AD85: 54 | AI85: 15:00-16:00 | AN85: н.тех.п | AP85: 320 | AQ85: 2 | AR85: 5 | AT85: н.тех.п | BA85: н.тех.п | BR85: Cl в очищ.рассоле по РИ за месяц | BS85: 104.2
A86: 04:00-05:00 | E86: 13.8 | F86: 19.7 | G86: 16.4 | H86: 262 | I86: 2 | J86: 1 | K86: 0.07 | L86: 0.06 | T86: 0.06 | AI86: 16:00-17:00 | AM86: 16.9 | AN86: 16.2 | AO86: 20.5 | AP86: 306 | AQ86: 2 | AR86: 5 | AS86: 0.07 | AT86: 0.07 | AX86: 0.07 | AY86: 0.07 | AZ86: 0.07 | BA86: 0.06 | BB86: 0.06 | BR86: Na в очищ.рассоле по РИ за месяц | BS86: 106 | CX86: Наимен.
A87: 05:00-06:00 | F87: н.тех.п. | H87: 303 | I87: 2 | J87: 1 | AI87: 17:00-18:00 | AN87: н.тех.п | AP87: 312 | AQ87: 2 | AR87: 5 | AT87: н.тех.п | BA87: н.тех.п | CX87: t0 C соды | DA87: =AVERAGE(AK111:AZ111) -> 155.44444
A88: 06:00-07:00 | E88: 16.4 | F88: 19.1 | G88: 17.3 | H88: 307 | I88: 2 | J88: 4 | K88: 0.06 | L88: 0.06 | Q88: 0.07 | R88: 0.06 | S88: 0.06 | T88: 0.06 | AI88: 18:00-19:00 | AP88: 304 | AQ88: 2 | AR88: 5 | AS88: 0.06 | AT88: 0.06 | AU88: 0.07 | CX88: удл.бар. | DA88: =AVERAGE(AK112:AZ112) -> 97.333333
A89: 07:00-08:00 | F89: н.тех.п. | H89: 306 | I89: 2 | J89: 4 | AI89: 19:00-20:00 | AN89: н.тех.п | AP89: 303 | AQ89: 2 | AR89: 5 | AT89: н.тех.п | BA89: н.тех.п | CX89: Вакуум | DA89: =AVERAGE(AK113:AZ113) -> -1
A90: ср.зн. | B90: =ROUND(AVERAGE(B78:B89),1) -> 13.7 | C90: =ROUND(AVERAGE(C78:C89),2) -> 0.06 | D90: 18.3 | E90: =ROUND(AVERAGE(E78:E89),1) -> 16.1 | F90: =ROUND(AVERAGE(F78:F89),1) -> 17.1 | G90: =ROUND(AVERAGE(G78:G89),1) -> 16.4 | H90: =ROUND(AVERAGE(H78:H89),) -> 305 | I90: =ROUND(AVERAGE(I78:I89),1) -> 2 | J90: =ROUND(AVERAGE(J78:J89),1) -> 1.5 | K90: =COUNT(K78:L89) -> 12 | L90: =ROUND(AVERAGE(K78:L89),2) -> 0.08 | M90: =COUNT(M78:T89) -> 9 | N90: =ROUND(AVERAGE(M78:T89),2) -> 0.06 | Q90: W | R90: =ROUND((((F91*6.5)/(I91/I90))+((G90*J90)/COUNT(H78:H89)))/(6.5/(I91/I90)+(J90/COUNT(H78:H89))),1) -> 16.6 | U90: =ROUND(AVERAGE(U78:V89),4) -> 0.001 | X90: =ROUND(AVERAGE(W78:Y89),1) -> #DIV/0! | Z90: =AVERAGE(Z78:Z89) -> 16 | AA90: =ROUND(AVERAGE(AA78:AA89),1) -> 70 | AB90: =ROUND(AVERAGE(AB78:AB89),1) -> 81 | AC90: =ROUND(AVERAGE(AC78:AC89),1) -> 86 | AD90: =ROUND(AVERAGE(AD78:AE89),1) -> 55 | AF90: =ROUND(AVERAGE(AF78:AF89),2) -> #DIV/0! | AG90: =ROUND(AVERAGE(AG78:AG89),1) -> 37.8 | AI90: ср.зн. | AJ90: =ROUND(AVERAGE(AJ78:AJ89),1) -> 12.9 | AK90: =ROUND(AVERAGE(AK78:AK89),2) -> 0.06 | AL90: 16.1 | AM90: =ROUND(AVERAGE(AM78:AM89),1) -> 15.3 | AN90: =ROUND(AVERAGE(AN78:AN89),1) -> 16.5 | AO90: =ROUND(AVERAGE(AO78:AO89),1) -> 20.3 | AP90: =ROUND(AVERAGE(AP78:AP89),) -> 307 | AQ90: =ROUND(AVERAGE(AQ78:AQ89),1) -> 2 | AR90: =ROUND(AVERAGE(AR78:AR89),1) -> 4.5 | AS90: =COUNT(AS78:AT89) -> 12 | AT90: =ROUND(AVERAGE(AS78:AT89),2) -> 0.07 | AU90: =COUNT(AU78:BB89) -> 19 | AV90: =ROUND(AVERAGE(AU78:BB89),2) -> 0.07 | AY90: W | AZ90: =ROUND((((AN91*6.5)/(AQ91/AQ90))+((AO90*AR90)/COUNT(AP78:AP89)))/(6.5/(AQ91/AQ90)+(AR90/COUNT(AP78:AP89))),1) -> 17 | BC90: =ROUND(AVERAGE(BC78:BD89),4) -> 0.0006 | BF90: =ROUND(AVERAGE(BE78:BG89),1) -> #DIV/0! | BH90: =AVERAGE(BH78:BH89) -> 16 | BI90: =ROUND(AVERAGE(BI78:BI89),1) -> 75 | BJ90: =ROUND(AVERAGE(BJ78:BJ89),1) -> 80 | BK90: =ROUND(AVERAGE(BK78:BK89),1) -> 82 | BL90: =ROUND(AVERAGE(BL78:BM89),1) -> 54.5 | BN90: =ROUND(AVERAGE(BN78:BN89),2) -> #DIV/0! | BO90: =ROUND(AVERAGE(BO78:BO89),1) -> 35.8 | CX90: t 0 C д.г./маз | DA90: =AVERAGE(AK114:AZ114) -> #DIV/0! | DB90: =COUNT(#REF!) -> 0
E91: =COUNT(E78:F89) -> 12 | F91: =ROUND(AVERAGE(E78:F89),1) -> 16.6 | G91: =COUNT(G78:G89) -> 6 | I91: =COUNT(I78:I89) -> 12 | AM91: =COUNT(AM78:AN89) -> 6 | AN91: =ROUND(AVERAGE(AM78:AN89),1) -> 15.9 | AO91: =COUNT(AO78:AO89) -> 3 | AQ91: =COUNT(AQ78:AQ89) -> 12 | CY91: /газ | DA91: =AVERAGE(AK115:AZ115) -> 428.11111 | DB91: =COUNT(#REF!) -> 0
A92: ОТДЕЛЕНИЕ КАЛЬЦИНАЦИИ-1 | AI92: ОТДЕЛЕНИЕ КАЛЬЦИНАЦИИ-1 | CX92: СО2 т.г. | DA92: =AVERAGE(AK116:AZ116) -> #DIV/0! | DB92: =COUNT(#REF!,AJ114:AY114,BS114:CH114) -> 0
B93: Нитка № 1 | F93: Нитка № 2 | J93: Нитка № 3 | N93: Шнек 4-а | R93: Рейдлер 4-б | V93: Тяжелая сода | Z93: Тяжелая сода ∆ 20 | AD93: Дополнительные анализы | AJ93: Нитка № 1 | AN93: Нитка № 2 | AR93: Нитка № 3 | AV93: Шнек 4-а | AZ93: Рейдлер 4-б | BD93: Тяжелая сода | BH93: Тяжелая сода ∆ 20 | BL93: Ж-ть после ПГКЛ-II | BM93: Ж-ть после ПГАБ | CX93: t 0 C в газ-де | DA93: =AVERAGE(AK117:AZ117) -> 163.44444 | DB93: =COUNT(#REF!,AJ115:AY115,BS115:CH115) -> 8
A94: Часы | B94: Внешний вид | C94: М.д. угл.натрия% | D94: М.д. хлоридов % | E94: М.д. железа% | F94: Внешний вид | G94: М.д. угл.натрия% | H94: М.д. хлоридов % | I94: М.д. железа% | J94: Внешний вид | K94: М.д. угл.натрия% | L94: М.д. хлоридов % | M94: М.д. железа% | N94: Внешний вид | O94: М.д. угл.натрия% | P94: М.д. хлоридов % | Q94: М.д. железа% | R94: Внешний вид | S94: М.д. угл.натрия% | T94: М.д. хлоридов % | U94: М.д. железа% | V94: Внешний вид | W94: М.д. угл.натрия% | X94: М.д. хлоридов % | Y94: М.д. железа% | Z94: Внешний вид | AA94: М.д. угл.натрия% | AB94: М.д. хлоридов % | AC94: М.д. железа% | AD94: Объёмная доля СО2 в газе, % на ОБН | AI94: Часы | AJ94: Внешний вид | AK94: М.д. угл.натрия% | AL94: М.д. хлоридов % | AM94: М.д. железа% | AN94: Внешний вид | AO94: М.д. угл.натрия% | AP94: М.д. хлоридов % | AQ94: М.д. железа% | AR94: Внешний вид | AS94: М.д. угл.натрия% | AT94: М.д. хлоридов % | AU94: М.д. железа% | AV94: Внешний вид | AW94: М.д. угл.натрия% | AX94: М.д. хлоридов % | AY94: М.д. железа% | AZ94: Внешний вид | BA94: М.д. угл.натрия% | BB94: М.д. хлоридов % | BC94: М.д. железа% | BD94: Внешний вид | BE94: М.д. угл.натрия% | BF94: М.д. хлоридов % | BG94: М.д. железа% | BH94: Внешний вид | BI94: М.д. угл.натрия% | BJ94: М.д. хлоридов % | BK94: М.д. железа% | BL94: Общая щелочность (пр.т.),н.д | BM94: Общая щелочность (пр.т.),н.д | CX94: расх. маз./маз | DA94: =AVERAGE(AK118:AZ118) -> #DIV/0!
A95: 20:00-21:00 | C95: стоит | F95: соотв | G95: 99.33 | H95: 0.14 | I95: 0.0029 | J95: соотв | K95: 99.33 | L95: 0.14 | M95: 0.0027 | R95: соотв | S95: 99.33 | T95: 0.14 | U95: 0.002 | V95: соотв | W95: 99.33 | X95: 0.14 | Y95: 0.0022 | AD95: 05:00 | AE95: 36 | AI95: 08:00-09:00 | AJ95: стоит | AN95: соотв. | AO95: 99.33 | AP95: 0.15 | AQ95: 0.0017 | AR95: соотв. | AS95: 99.33 | AT95: 0.16 | AU95: 0.0022 | AZ95: соотв. | BA95: 99.33 | BB95: 0.16 | BC95: 0.0018 | BD95: соотв. | BE95: 99.33 | BF95: 0.17 | BG95: 0.002 | CY95: газ | DA95: =AVERAGE(AK119:AZ119) -> 540 | DB95: =COUNT(#REF!,AJ117:AY117,BS117:CH117) -> 8
A96: 21:00-22:00 | R96: соотв | S96: 99.33 | T96: 0.14 | V96: соотв | W96: 99.33 | X96: 0.14 | Y96: 0.0023 | AI96: 09:00-10:00 | AN96: соотв. | AO96: 99.33 | AP96: 0.16 | AR96: соотв. | AS96: 99.33 | AT96: 0.16 | AZ96: соотв. | BA96: 99.33 | BB96: 0.16 | BD96: соотв. | BE96: 99.33 | BF96: 0.16 | BG96: 0.0019 | CX96: Разр. СП | DA96: =AVERAGE(AK120:AZ120) -> -4.6666667
A97: 22:00-23:00 | F97: соотв | G97: 99.33 | H97: 0.14 | J97: соотв | K97: 99.33 | L97: 0.14 | R97: соотв | S97: 99.33 | T97: 0.14 | V97: соотв | W97: 99.33 | X97: 0.14 | Y97: 0.0023 | AI97: 10:00-11:00 | AN97: соотв. | AO97: 99.33 | AP97: 0.15 | AR97: соотв. | AS97: 99.33 | AT97: 0.15 | AZ97: соотв. | BA97: 99.33 | BB97: 0.16 | BD97: соотв. | BE97: 99.33 | BF97: 0.16 | BG97: 0.002
A98: 23:00-24:00 | F98: соотв | G98: 99.33 | H98: 0.14 | J98: соотв | K98: 99.33 | L98: 0.14 | R98: соотв | S98: 99.33 | T98: 0.14 | V98: соотв | W98: 99.33 | X98: 0.14 | Y98: 0.002 | AI98: 11:00-12:00 | AN98: соотв. | AO98: 99.33 | AP98: 0.15 | AR98: соотв. | AS98: 99.33 | AT98: 0.14 | AZ98: соотв. | BA98: 99.33 | BB98: 0.16 | BD98: соотв. | BE98: 99.33 | BF98: 0.16 | BG98: 0.0022 | DB98: =COUNT(#REF!) -> 0
A99: 24:00-01:00 | F99: соотв | G99: 99.33 | H99: 0.14 | I99: 0.0017 | J99: соотв | K99: 99.33 | L99: 0.14 | M99: 0.0014 | R99: соотв | S99: 99.33 | T99: 0.14 | U99: 0.0019 | V99: соотв | W99: 99.33 | X99: 0.14 | Y99: 0.0017 | AI99: 12:00-13:00 | AN99: соотв. | AO99: 99.33 | AP99: 0.15 | AQ99: 0.0019 | AR99: соотв. | AS99: 99.33 | AT99: 0.14 | AU99: 0.0023 | AZ99: соотв. | BA99: 99.33 | BB99: 0.15 | BC99: 0.0012 | BD99: соотв. | BE99: 99.33 | BF99: 0.16 | BG99: 0.0019
A100: 01:00-02:00 | F100: соотв | G100: 99.33 | H100: 0.14 | J100: соотв | K100: 99.33 | L100: 0.14 | R100: соотв | S100: 99.33 | T100: 0.14 | V100: соотв | W100: 99.33 | X100: 0.14 | Y100: 0.0023 | AI100: 13:00-14:00 | AN100: соотв. | AO100: 99.33 | AP100: 0.15 | AR100: соотв. | AS100: 99.33 | AT100: 0.14 | AZ100: соотв. | BA100: 99.33 | BB100: 0.15 | BD100: соотв. | BE100: 99.33 | BF100: 0.15 | BG100: 0.0015
...

Sheet Доп.анализы

Sheet Анализ возд.среды 
A1: Время замера | B1: Цех № 66 Отделение Карбонизации-1 | K1: Отделение АД-1
B2: отметка 0,0м | E2: отметка 8,0м | H2: отметка 12,0м | K2: отм.8,0 | L2: отм.32,0 | M2: отм.46,0
B3: NH3, мг/м3 | C3: H2S, мг/м3 | D3: СО, мг/м3 | E3: NH3, мг/м3 | F3: H2S, мг/м3 | G3: СО, мг/м3 | H3: NH3, мг/м3 | I3: H2S, мг/м3 | J3: СО, мг/м3 | K3: NH3, мг/м3 | L3: NH3, мг/м3 | M3: NH3, мг/м3
A4: 0.35416667 | B4: 71 | C4: 0.4 | D4: 4 | E4: 80 | F4: 0.6 | G4: 9 | H4: 82 | I4: 0.8 | J4: 11 | K4: не работает лифт | O4: =K4 -> не работает лифт | P4: =L4 -> 0 | Q4: =M4 -> 0 | R4: =B4 -> 71 | S4: =E4 -> 80 | T4: =H4 -> 82
A8: дата | B8: Время замера | C8: Отделение Кальцинации - 1
C10: Прожектеры отм.5,38 | E10: Задавалка отм.10,3
C11: NH3, мг/м3 | D11: CO, мг/м3 | E11: NH3, мг/м3 | F11: CO, мг/м3
A12: 46085 | B12: 0.35416667 | C12: 55 | D12: 0 | E12: 57 | F12: 0
A16: Дата | B16: Время замера | C16: Наименование аппарата | F16: № наряда-допуска | H16: NH3, мг/м3 | I16: H2S, мг/м3 | J16: СО, мг/м3 | K16: О2 %
A17: 46085 | B17: 0.33333333 | C17: АД-1, ДС эл№1, отм.16,0м | F17: 19 | H17: 42 | I17: 0.2 | J17: 4 | K17: 20.9
A18: 46085 | B18: 0.33680556 | C18: АД-1, СМ эл№1, отм.16,0м | F18: 17 | H18: 67 | I18: 0.2 | J18: 4 | K18: 20.9
A19: 46085 | B19: 0.35416667 | C19: СП 4 | F19: 874 | H19: 20 | J19: 0 | K19: 20.8
A20: 46085 | B20: 0.35416667 | C20: СП 4 | F20: 279 | H20: 20 | J20: 0 | K20: 20.8
A21: 46085 | B21: 0.53819444 | C21: АД-1, ДС эл№1, отм.16,0м | F21: 19 | H21: 56 | I21: 0.2 | J21: 5 | K21: 20.9
A22: 46085 | B22: 0.54166667 | C22: АД-1, СМ эл№1, отм.16,0м | F22: 17 | H22: 105 | I22: 0.2 | J22: 7 | K22: 20.9

Sheet Декадные анализы
A1: Дата | B1: № эле-мента | C1: Жидк. после ПГКл-2 | E1: Жидк. после ПГАБ | G1: Выходящая жидкость из КДС | N1: Флегма (конденсат) после КДС
C2: Объем HCL =1моль/дм³ израсходо-ванный на титрование, см³ | D2: Общая щелоч-ность (пр.т.), н.д. | E2: Объем HCL =1моль/дм³ израсходо-ванный на титрование, см³ | F2: Общая щелочность (пр.т.), н.д. | G2: Объем Hg(NO₃)₂= 0,1моль/дм³, израсходова-нный на титрование, см³ | H2: Об.экв. концентра-ция хлорид-ионов, н.д. | I2: Объем HCL =1моль/дм³ израсходо-ванный на титрование, см³ | J2: Общая щелочность (пр.т.), н.д. | K2: Объем HCL =1моль/дм³ израсходо-ванный на титрование, см³ | L2: Об.экв. концент-рация ионов аммония, н.д. | M2: Об.экв. концентра-ция NH₃ связан,н.д | N2: Объем Hg(NO₃)₂= 0,1моль/дм³, израсходова-нный на титрование, см³ | O2: Об.экв. концентра-ция хлорид-ионов, н.д. | P2: Объем HCL =1моль/дм³ израсходо-ванный на титрование, см³ | Q2: Общая щелочность (пр.т.), н.д. | R2: Объем HCL =1моль/дм³ израсходо-ванный на титрование, см³ | S2: Об.экв. концент-рация ионов аммония, н.д. | T2: Об.экв. концентра-ция NH₃ связан,н.д
B3: № 1 | M3: =L3-J3 -> 0 | T3: =S3-Q3 -> 0
B4: № 2 | M4: =L4-J4 -> 0 | T4: =S4-Q4 -> 0
B5: № 3 | M5: =L5-J5 -> 0 | T5: =S5-Q5 -> 0
B6: № 4 | M6: =L6-J6 -> 0 | T6: =S6-Q6 -> 0
B7: № 5 | M7: =L7-J7 -> 0 | T7: =S7-Q7 -> 0
B8: № 6 | M8: =L8-J8 -> 0 | T8: =S8-Q8 -> 0
B9: № 7 | M9: =L9-J9 -> 0 | T9: =S9-Q9 -> 0
D10: =AVERAGE(D3:D9) -> #DIV/0! | F10: =AVERAGE(F3:F9) -> #DIV/0! | H10: =AVERAGE(H3:H9) -> #DIV/0! | J10: =AVERAGE(J3:J9) -> #DIV/0! | L10: =AVERAGE(L3:L9) -> #DIV/0! | M10: =AVERAGE(M3:M9) -> 0 | O10: =AVERAGE(O3:O9) -> #DIV/0! | Q10: =AVERAGE(Q3:Q9) -> #DIV/0! | S10: =AVERAGE(S3:S9) -> #DIV/0! | T10: =AVERAGE(T3:T9) -> 0

Sheet Анализы на период ОКР
A1: Коллектор отходящей воды: Массовая концентрация аммиака и ионов аммония в пересчёте на ион аммония, мг/дм3
A2: Дата: | D2: Смена | E2: 1 | H2: Бригада
A4: Время | B4: 1059 | C4: 1-2гр. | D4: 3гр. | E4: 4гр. | F4: 4К | G4: отм.0.0 | H4: 12 | I4: 1859 | J4: 223А | K4: об.в.
A5: 0.83333333
A6: 0.875
A7: 0.91666667
A8: 0.95833333
A9: 1
A10: 1.0416667
A11: 1.0833333
A12: 1.125
A13: 1.1666667
A14: 1.2083333
A15: 1.25
A16: 1.2916667
A17: ср.знач. | B17: =AVERAGE(B5:B16) -> #DIV/0! | C17: =AVERAGE(C5:C16) -> #DIV/0! | D17: =AVERAGE(D5:D16) -> #DIV/0! | E17: =AVERAGE(E5:E16) -> #DIV/0! | F17: =AVERAGE(F5:F16) -> #DIV/0! | G17: =AVERAGE(G5:G16) -> #DIV/0! | H17: =AVERAGE(H5:H16) -> #DIV/0! | I17: =AVERAGE(I5:I16) -> #DIV/0! | ... K17: =AVERAGE(K5:K16) -> #DIV/0!
C19: Лаборатория № 3: | G19: Лаборатория № 4
A20: Лаборанты хим.анализа:
A24: Коллектор отходящей воды: Массовая концентрация аммиака и ионов аммония в пересчёте на ион аммония, мг/дм3
A25: Дата: | B25: =B2 -> 0 | D25: Смена | E25: 2 | H25: Бригада
A27: Время | B27: 1059 | C27: 1-2гр. | D27: 3гр. | E27: 4гр. | F27: 4К | G27: отм.0.0 | H27: 12 | I27: 1859 | J27: 223А | K27: об.в.
A28: 0.33333333
A29: 0.375
A30: 0.41666667
A31: 0.45833333
A32: 0.5
A33: 0.54166667
A34: 0.58333333
A35: 0.625
A36: 0.66666667
A37: 0.70833333
A38: 0.75
A39: 0.79166667
A40: ср.знач. | B40: =AVERAGE(B28:B39) -> #DIV/0! | C40: =AVERAGE(C28:C39) -> #DIV/0! | D40: =AVERAGE(D28:D39) -> #DIV/0! | E40: =AVERAGE(E28:E39) -> #DIV/0! | F40: =AVERAGE(F28:F39) -> #DIV/0! | G40: =AVERAGE(G28:G39) -> #DIV/0! | H40: =AVERAGE(H28:H39) -> #DIV/0! | I40: =AVERAGE(I28:I39) -> #DIV/0! | ... K40: =AVERAGE(K28:K39) -> #DIV/0!
C42: Лаборатория № 3: | G42: Лаборатория № 4
A43: Лаборанты хим.анализа:

Sheet ПАК 
A1: ПЛАН АНАЛИТИЧЕСКОГО КОНТРОЛЯ
A2: производства бикарбоната натрия сырого
A3: Цех № 66 Отделения Абсорбции-Дистилляции-1, Карбонизации-1 | H3: 21.04.2025г.
A4: №№пп | B4: Наименование стадии процесса, места измерения параметров или отбора проб | C4: Контролируемый параметр | D4: Частота и способ контроля | E4: Норма и технологический показатель | F4: Метод испытания и средство контроля, НД | G4: Кто контролирует
A5: 1 | B5: 2 | C5: 3 | D5: 4 | E5: 5 | F5: 6 | G5: 7
A6: 1.Входной контроль
A7: 1.1. | B7: Аммиак водный технический марка А (аммиачная вода) | C7: Отборт проб | D7: Каждая партия | F7: ИОТ-Ц-66-23-2020 | G7: Аппаратчик
C8: Состав: Массовая доля аммиака (NH3), %, не менее | D8: Каждая партия | E8: 25 | F8: ГОСТ 9-92 | G8: Лаборатория № 4
A9: 1.2. | B9: Гидросульфид натрия технический, водный раствор | C9: Отборт проб | D9: Каждая партия | F9: ИОТ-Ц-66-23-2020 | G9: Аппаратчик
C10: Состав:Массовая доля гидросульфида натрия (NaHS), %, не менее | D10: Каждая партия | E10: 30 | F10: СТО 00204168-004-2009 «Гидросульфид натрия технический, водный раствор» (ТУ 20.13.41.110-008-43953934-2017) | G10: Лаборатория № 3
C11: Массовая доля сульфида натрия (Na2S),%, не более | D11: Проводится только при получении результатов по массовой доле гидросульфида натрия ниже нормативного значения | E11: 1
A12: 1.3. | B12: Натрия гидросульфид технический раствор отбор - с каждой ж/д или автоцистерны | C12: Отборт проб | D12: Каждая партия | F12: ИОТ-Ц-66-23-2020 | G12: Аппаратчик
C13: Массовая доля гидросульфида натрия %, не менее | D13: Каждая партия | E13: Сорт 1 - 27,0 Сорт 2 - 22,0 | F13: ТУ 20.13.41.110-008-43953934-2017 «Натрия гидросульфид технический раствор (натрий сернистый, кислый)» | G13: Лаборатория № 3
C14: Массовая доля сульфида натрия, %, не более | D14: Проводится только при получении результатов по массовой доле гидросульфида натрия ниже нормативного значения | E14: Сорт 1 - 1,5 Сорт 2 - 3,0
A15: 1.4. | B15: Гидросульфид натрия технический отбор - с каждой ж/д или автоцистерны | C15: Отборт проб | D15: Каждая партия | F15: ИОТ-Ц-66-23-2020 | G15: Аппаратчик
C16: Массовая доля гидросульфида натрия %, не менее | D16: Каждая партия | E16: 22 | F16: ТУ 2153-541-05763441-2012 «Гидросульфид натрия технический» | G16: Лаборатория № 3
C17: Массовая доля сульфида натрия, %, не более | D17: Проводится только при получении результатов по массовой доле гидросульфида натрия ниже нормативного значения | E17: 3
A18: 1.5 | B18: Рассол очищенный (для производства кальцинированной соды) | C18: Массовая (объёмно-эквивалентная) концентрация хлоридов в пересчёте на хлорид натрия (NaCl), г/дм3(н.д.), не менее | D18: 1 раз в смену 1 раз из усреднённой пробы за месяц | E18: 303,0 (103,6) | F18: МИ 74-А2-2017 (свидетельство об аттестации № 253.0122/RA.RU.311866 /2017) титриметрический метод Диапазон измерений от 250 до 318 г/дм3 | G18: Лаборатория № 4 Лаборатория ОТиВК
C19: Массовая (объёмно-эквивалентная) концентрация суммы кальция и магния в пересчёте на ион кальция, г/дм3(н.д.), не более | D19: 1 раз в смену 1 раз из усреднённой пробы за месяц | E19: 0,032 (0,032) | F19: МИ 75-А2-2017 (свидетельство об аттестации № 253.0111/RA.RU.311866 комплексонометрический метод Диапазон измерений от 0,010 до 1,00 г/дм3 | G19: Лаборатория № 4 Лаборатория ОТиВК
C20: Массовая (объёмно-эквивалентная) концентрация углекислого натрия (Na2СО3), г/дм3(н.д.), не более | D20: 1 раз из усреднённой пробы за месяц | E20: 0,80 (0,30) | F20: МИ 77-А2-2017 (свидетельство об аттестации № 253.0112/RA.RU.311866 /2017) титриметрический метод Диапазон измерений от 0,10 до 1,00 г/дм3 | G20: Лаборатория ОТиВК
C21: Плотность при 20 °С, г/см3, не менее | E21: Фактическое значение | F21: МИ 98-А2-2017 с использованием ареометра Диапазон измерений (1,180 – 1,240) г/см3
C22: Массовая (объёмно-эквивалентная) концентрация сульфат-ионов (SO42-), г/дм3/(н.д.), не более | E22: 4,00 (1,67) | F22: МИ 76-А2-017 (свидетельство об аттестации №253.0071/RA.RU.311866/20147) гравиметрический метод Диапазон измерений от 0,10 до 10,0 г/дм3
C23: Массовая (объёмно-эквивалентная) концентрация аммиака в пересчете на ион – аммония NH4+, мг/дм3/(н.д.), не более | E23: 5,00 (0,0055) | F23: МИ 78-А2-017 (свидетельство об аттестации № 253.0035/RA.RU.311866/2017) фотоколориметрический метод Диапазон измерений от 0,10 до 7,00 мг/дм3
C24: Массовая (объёмно-эквивалентная) концентрация гидроксид-ионов (ОН-), г/дм3, не более | E24: 0,060±0,017/ (0,070±0,020) | F24: МИ 102-А2-2017 Титриметрический метод Диапазон измерений (0,030 – 0,300) н.д.
A25: 2. Станция абсорбции
A26: 2.1 | B26: Промыватель воздуха фильтров поз.21-3 (ПВФл). Отбор пробы жидкости с трубопровода после аппарата,отм. 36.0 м | C26: Отбор проб | D26: 2 раза в смену | F26: ИОТ-Ц-66-08-2022 | G26: Аппаратчик
C27: Общая щелочность (прямой титр),г/дм3 (н.д.), не более | D27: 1 раз из усреднённой пробы за месяц 2 раза в смену | E27: 3,6 (4,0) | F27: МИ 115-А2-2019 Титриметрический метод Диапазон измерений - в жидкостях 1,0 до 300,0 н.д. включительно ИОТ-Ц-66-08-2022 | G27: Лаборатория № 3 Аппаратчик
C28: Массовая (объёмно-эквивалентная) концентрация хлорид-ионов, г/дм3 /(н.д.) | D28: 1 раз из усреднённой пробы за месяц | E28: Фактическое значение | F28: МИ 85-А2-2017 Титриметрический метод Диапазон измерений (0,040 – 106,0) н.д. | G28: Лаборатория № 3
C29: Массовая (объёмно-эквивалентная) концентрация двуокиси углерода, г/дм3 /(н.д.) | D29: 1 раз из усреднённой пробы за месяц | E29: Фактическое значение | F29: МИ 79-А2-2017 Газо-объёмный метод Диапазон измерений (0,020 – 200,0) н.д. | G29: Лаборатория № 3
A30: 2.2 | B30: Промыватель воздуха фильтров. поз.21-3 (ПВФл) Замер на коллекторе нагнетания после поз.61-5 (ТВН-360-22-1) вакуумной станции цеха Компрессии отм. 4.0 м | C30: Отбор проб | D30: 1 раз в смену | F30: ИОТ-Ц-50-18-2023 МИ 139-А2-2020 | G30: Лаборатория № 3 в присутствии аппаратчика
C31: Массовая концентрация аммиака в газе, выходящем из ПВФл и расчет потерь аммиака с газом на 1 т соды (в пересчёте на аммиачную воду с массовой долей 25,5 %), кг/т соды, не более | D31: 1 раз в смену | E31: 0.8 | F31: МИ 139-А2-2020 Колориметрический метод | G31: Лаборатория № 3
A32: 2.3 | B32: Второй промыватель газа колонн поз. 91-7 (ПГКл-II) Отбор пробы жидкости с трубопровода аппарата,отм.28.0 м | C32: Отбор проб | D32: 2 раза в смену | F32: ИОТ-Ц-66-08-2022 | G32: Аппаратчик
C33: Общая щелочность (прямой титр),г/дм3 (н.д.), не более | D33: 1 раз в декаду 2 раза в смену | E33: 21,6 (24,0) | F33: МИ 115-А2-2019 Титриметрический метод Диапазон измерений: - в жидкостях 1,0 до 300,0 н.д. включительно | G33: Лаборатория № 3 Аппаратчик
C34: Массовая (объёмно-эквивалентная) концентрация хлорид-ионов, г/дм3 /(н.д.) | D34: 1 раз из усреднённой за месяц пробы | E34: Фактическое значение | F34: МИ 85-А2-2017 Титриметрический метод Диапазон измерений (0,040 – 106,0) н.д. | G34: Лаборатория № 3
C35: Массовая (объёмно-эквивалентная) концентрация двуокиси углерода, г/дм3 /(н.д.) | D35: 1 раз из усреднённой пробы за месяц | E35: Фактическое значение | F35: МИ 79-А2-2017 Газо-объёмный метод Диапазон измерений (0,020 – 200,0) н.д. | G35: Лаборатория № 3
A36: 2.4 | B36: Второй промыватель газа колонн поз.91-7( ПГКл-II).Замер газа на трубопроводе после аппарата отм. 40.0 м | C36: Отбор проб | D36: 1 раз в сутки | F36: ИОТ-Ц-50-18-2023 МИ 15-А2-2016 | G36: Лаборатория № 3 в присутствии аппаратчика
C37: Объёмная доля углекислого газа, % (об.), не более | D37: 1 раз в сутки | E37: 8 | F37: МИ 15-А2-2016 Газообъемный метод . Диапазон измерений по углекислому газу (0,2 – 99,0) % | G37: Лаборатория № 3
C38: Отбор проб | D38: 1 раз в смену | F38: ИОТ-Ц-50-18-2023 МИ 139-А2-2020 | G38: Лаборатория № 3 в присутствии аппаратчика
C39: Массовая концентрация аммиака в газе, выходящем из ПГКл-2 и расчет потерь аммиака с газом на 1 т соды (в пересчёте на аммиачную воду с массовой долей 25,5 %), кг/т соды, не более | D39: 1 раз в смену | E39: 0.8 | F39: МИ 139-А2-2020 Колориметрический метод | G39: Лаборатория № 3
A40: 2.5 | B40: Промыватель газа абсорбции поз.31-3 (ПГАБ) Отбор проб жидкости с трубопровода после аппарата отм. 32.0 м | C40: Отбор проб | D40: 2 раза в смену | F40: ИОТ-Ц-66-08-2022 | G40: Аппаратчик
C41: Общая щелочность (прямой титр), г/дм3 (н.д.), не более | D41: 1 раз в декаду 2 раза в смену | E41: 36,1(40,0) | F41: МИ 115-А2-2019 Титриметрический метод Диапазон измерений - - в жидкостях 1,0 до 300,0 н.д. включительно | G41: Лаборатория № 3 Аппаратчик
C42: Массовая (объёмно-эквивалентная) концентрация хлорид-ионов, г/дм3 /(н.д.) | D42: 1 раз из усреднённой пробы за месяц | E42: Фактическое значение | F42: МИ 85-А2-2017 Титриметрический метод Диапазон измерений (0,040 – 106,0) н.д. | G42: Лаборатория № 3
C43: Массовая (объёмно-эквивалентная) концентрация двуокиси углерода, г/дм3 /(н.д.) | D43: 1 раз из усреднённой пробы за месяц | E43: Фактическое значение | F43: МИ 79-А2-2017 Газо-объёмный метод Диапазон измерений (0,020 – 200,0) н.д. | G43: Лаборатория № 3
A44: 2.6 | B44: Промыватель газа абсорбции поз.31-3 (ПГАБ). Замер газа с коллектора отд. Карбонизация-1 отм. 17.0 м | C44: Отбор проб | D44: 2 раза в смену | F44: ИОТ-Ц-50-18-2023 МИ 15-А2-2016 | G44: Лаборатория № 3 в присутствии аппаратчика
C45: Объёмная доля углекислого газа, % (об.), не менее | D45: 2 раза в смену | E45: 90 | F45: МИ 15-А2-2016 Газообъемный метод . Диапазон измерений по углекислому газу (0,2 – 99,0) % | G45: Лаборатория № 3
A46: 2.7 | B46: Холодильник газа дистилляции поз.81-7 (ХГДС). Отбор проб конденсата после аппарата с коллектора отм. 36.0 м; 40.0 м | C46: Отбор проб | D46: 2 раза в смену | F46: ИОТ-Ц-66-08-2022 | G46: Аппаратчик
C47: Общая щелочность (прямой титр),г/дм3 (н.д.), не менее | D47: 1 раз из усреднённой пробы за месяц 2 раза в смену | E47: 144,3 (160,0) | F47: МИ 115-А2-2019 Титриметрический метод Диапазон измерений - - в жидкостях 1,0 до 300,0 н.д. включительно ИОТ-Ц-66-08-2022 | G47: Лаборатория № 3 Аппаратчик
C48: Массовая (объёмно-эквивалентная) концентрация хлорид-ионов, г/дм3 /(н.д.), не более | D48: 1 раз из усреднённой пробы за месяц | E48: 0,53(0,30) | F48: МИ 85-А2-2017 Титриметрический метод Диапазон измерений (0,040 – 106,0) н.д. | G48: Лаборатория № 3
C49: Массовая (объёмно-эквивалентная) концентрация двуокиси углерода, г/дм3 /(н.д.) | D49: 1 раз из усреднённой пробы за месяц | E49: Фактическое значение | F49: МИ 79-А2-2017 Газо-объёмный метод Диапазон измерений (0,020 – 200,0) н.д. | G49: Лаборатория № 3
A50: 2.8 | B50: Сборник аммонизированного рассола (САР) поз.151,2. Отбор проб с коллектора отм.12.0м; 22.0м | C50: Отбор проб | D50: 10-12 раз в смену | F50: ИОТ-Ц-66-08-2022 | G50: Аппаратчик
C51: Общая щелочность (прямой титр), г/дм3 (н.д.) | D51: 10-12 раз в смену не реже 1 раза в час | E51: Летом:(90,2÷93,8)/ (100,0÷104,0) Зимой:(92,0÷95,6)/(102,0÷106,0) | F51: МИ 115-А2-2019 Титриметрический метод Диапазон измерений - в жидкостях 1,0 до 300,0 н.д. включительно ИОТ-Ц-66-08-2022 | G51: Лаборатория № 3 Аппапратчик
C52: Массовая (объёмно-эквивалентная) концентрация хлорид-ионов, г/дм3 (н.д.), не менее | D52: 2 раза в смену и из усредненной пробы за смену | E52: 153,9 (86,8) | F52: МИ 85-А2-2017 Титриметрический метод Диапазон измерений (0,040 – 106,0) н.д. | G52: Лаборатория № 3
C53: Массовая (объёмно-эквивалентная) концентрация сульфид-ионов, г/дм3 (н.д.) | D53: 2 раза в смену 4 раза в смену | E53: 0,16÷0,80 (0,20÷1,00) | F53: МИ 141-А2-2020 Титриметрический метод (0,10 – 300,00) н.д. ИОТ-Ц-66-08-2018 | G53: Лаборатория № 3 Аппапратчик
C54: Массовая (объёмно-эквивалентная) концентрация двуокиси углерода, г/дм3 /(н.д.) | D54: 1 раз в смену из усредненной пробы за смену | E54: 55,0(50,0) | F54: МИ 79-А2-2017 Газо-объёмный метод Диапазон измерений (0,020 – 200,0) н.д. | G54: Лаборатория № 3
A55: 2.9 | B55: Коллектор оборотной воды на входе в цех АДК-1 отм. 0.0 м | C55: Отбор проб | D55: 2 раза в смену | F55: ИОТ-Ц-50-18-2018 МИ 140-А2-2020 | G55: Лаборатория № 3
C56: Массовая концентрация аммиака и ионов аммония в пересчёте на ион аммония, мг/дм3, не более | D56: 2 раза в смену | E56: 0.5 | F56: МИ 140-А2-2020 Колориметрический метод Диапазон измерений (0,3 – 1000) мг/дм3 | G56: Лаборатория № 3
A57: 2.10 | B57: Общий коллектор отходящей воды (№ 1059) | C57: Отбор проб | D57: 2 раза в смену | F57: ИОТ-Ц-50-18-2018 МИ 140-А2-2020 | G57: Лаборатория № 3
C58: Массовая концентрация аммиака и ионов аммония в пересчёте на ион аммония, мг/дм3, не более | D58: 2 раза в смену | E58: 0.5 | F58: МИ 140-А2-2020 Колориметрический метод Диапазон измерений (0,3 – 1000) мг/дм3 | G58: Лаборатория № 3
A59: 2.11 | B59: Коллектор отходящей воды в водооборот после охлаждения в ХГДС поз.81-7(ХГДС), поз.121-7 (АБ-II), поз.112,5 (АБ-I), отм. 0.0 м (отм.0.0м) | C59: Отбор проб | D59: 2 раза в смену | F59: ИОТ-Ц-50-18-2018 МИ 140-А2-2020 | G59: Лаборатория № 3
C60: Массовая концентрация аммиака и ионов аммония в пересчёте на ион аммония, мг/дм3, не более | D60: 2 раза в смену | E60: 0.5 | F60: МИ 140-А2-2020 Колориметрический метод Диапазон измерений (0,3 – 1000) мг/дм3 | G60: Лаборатория № 3
A61: 3. Станция карбонизации
A62: 3.1 | B62: Колонна предварительной карбонизации (КлПК) поз.51,Отбор проб жидкости отм. 12.0 м | C62: Отбор проб | D62: 3 раза в смену | F62: ИОТ-Ц-66-10-2023 ИОТ-Ц-66-38-2023 | G62: Аппаратчик
C63: Общая щелочность (прямой титр),г/дм3 (н.д.) | D63: 1 раз в сутки | E63: Фактическое значение | F63: МИ 115-А2-2019 Титриметрический метод Диапазон измерений - - в жидкостях 1,0 до 300,0 н.д. включительно | G63: Лаборатория № 3
C64: Массовая (объёмно-эквивалентная) концентрация ионов аммония, г/дм3 /(н.д.) | D64: 1 раз в сутки | E64: Фактическое значение | F64: МИ 116-А2-2019 Титриметрический метод Диапазон измерений: - в жидкостях 1,0 до 300,0 н.д. включительно | G64: Лаборатория № 3
C65: Массовая (объёмно-эквивалентная) концентрация хлорид-ионов, г/дм3 /(н.д.) | D65: 1 раз в сутки | E65: Фактическое значение | F65: МИ 85-А2-2017 Титриметрический метод Диапазон измерений (0,040 – 106,0) н.д. | G65: Лаборатория № 3
C66: Массовая (объёмно-эквивалентная) концентрация двуокиси углерода, г/дм3 /(н.д.) | D66: 2 раза в смену | E66: 60,5÷74,8 (55,0÷68,0) | F66: МИ 79-А2-2017 Газо-объёмный метод Диапазон измерений (0,020 – 200,0) н.д. | G66: Лаборатория № 3
A67: 3.2 | B67: Первый промыватель газа колонн поз.521-3 (ПГКл-I) Отбор проб жидкости отм. 0.0 м | C67: Отбор проб | D67: 1-2 раза в смену | F67: ИОТ-Ц-66-10-2023 ИОТ-Ц-66-38-2023 | G67: Аппаратчик
C68: Общая щелочность (прямой титр),г/дм3 (н.д.) | D68: 1 раз в сутки | E68: Фактическое значение | F68: МИ 115-А2-2019 Титриметрический метод Диапазон измерений - - в жидкостях 1,0 до 300,0 н.д. включительно | G68: Лаборатория № 3
C69: Массовая (объёмно-эквивалентная) концентрация ионов аммония, г/дм3 /(н.д.) | D69: 1 раз в сутки | E69: Фактическое значение | F69: МИ 116-А2-2019 Титриметрический метод Диапазон измерений: - в жидкостях 1,0 до 300,0 н.д. включительно | G69: Лаборатория № 3
C70: Массовая (объёмно-эквивалентная) концентрация хлорид-ионов, г/дм3 /(н.д.) | D70: 1 раз в сутки | E70: Фактическое значение | F70: МИ 85-А2-2017 Титриметрический метод Диапазон измерений (0,040 – 106,0) н.д. | G70: Лаборатория № 3
C71: Массовая (объёмно-эквивалентная) концентрация двуокиси углерода, г/дм3 /(н.д.) | D71: 1-2 раза в смену | E71: 71,5÷85,8 (65,0÷78,0) | F71: МИ 79-А2-2017 Газо-объёмный метод Диапазон измерений (0,020 – 200,0) н.д. | G71: Лаборатория № 3
A72: 3.3 | B72: Коллектор газа 1-го ввода (смешанный газ) в нижнюю часть осадительных карбоколонн отм. 12.0 м | C72: Отбор проб | D72: 2 раза в смену | F72: ИОТ-Ц-50-18-2023 МИ 15-А2-2016 | G72: Лаборатория № 3 в присутствии аппаратчика
C73: Объёмная доля углекислого газа,% (об.), не менее | D73: 2 раза в смену | E73: 70 | F73: МИ 15-А2-2016 Газообъемный метод . Диапазон измерений по углекислому газу (0,2 – 99,0) % | G73: Лаборатория № 3
A74: 3.4 | B74: Коллектор суспензии гидрокарбоната натрия с карбоколонн на группу барабанных вакуум – фильтров поз. 5812-20 отм. 8.0 м и ленточные фильтры поз.F201, поз.F402 отм. 12.0 м | C74: Отбор проб | D74: 12 раз в смену | F74: ИОТ-Ц-66-10-2023 ИОТ-Ц-66-38-2023 | G74: Аппаратчик
C75: Общая щелочность (прямой титр),г/дм3 (н.д.) | D75: 2 раза в смену с ленточных фильтров и группы колонн с барабанных фильтров и из усредненных проб за смену не менее 1 раза в смену с каждой колонны | E75: Летом: 19,8÷30,7 (22,0÷34,0) Зимой: 19,8÷27,1 (22,0÷30,0) | F75: МИ 115-А2-2019 Титриметрический метод Диапазон измерений - в суспензиях от 1,0 до 130,0 н.д. включительно ИОТ-Ц-66-10-2023 ИОТ-Ц-66-38-2023 | G75: Лаборатория № 3 Аппаратчик
C76: Массовая (объёмно-эквивалентная) концентрация ионов аммония, г/дм3 /(н.д.) | D76: 2 раза в смену с ленточных фильтров и группы колонн с барабанных фильтров и из усредненных проб за смену | E76: Летом: 81,2÷92,0 (90,0÷102,0) Зимой: 83,0÷90,2 (92,0÷100,0) | F76: МИ 116-А2-2019 Титриметрический метод Диапазон измерений: в суспензиях от 1,0 до 140,0 н.д. включительно | G76: Лаборатория № 3
C77: Массовая (объёмно-эквивалентная) концентрация NH3связ, г/дм3/(н.д.), не менее | D77: 2 раза в смену с ленточных фильтров и группы колонн с барабанных фильтров и из усредненных проб за смену | E77: Летом: 61,3 (68,0), Зимой: 63,1 (70,0) | F77: МИ 116-А2-2019 Расчётный метод | G77: Лаборатория № 3
C78: Массовая (объёмно-эквивалентная) концентрация хлорид-ионов, г/дм3 /(н.д.), не менее | D78: 1-2 раза в смену с ленточных фильтров и группы колонн с барабанных фильтров и из усредненных проб за смену | E78: 168,4 (95,0) | F78: МИ 85-А2-2017 Титриметрический метод Диапазон измерений (0,040 – 106,0) н.д. | G78: Лаборатория № 3
C79: Массовая (объёмно-эквивалентная) концентрация двуокиси углерода, г/дм3 /(н.д.) | D79: 1 раз из усредненных проб за смену | E79: 42,9÷46,2 (39,0÷42,0) | F79: МИ 79-А2-2017 Газо-объёмный метод Диапазон измерений (0,020 – 200,0) н.д. | G79: Лаборатория № 3
A80: 3.5 | B80: Коллектор речной воды на входе в отделение Карбонизации-1 отм. 0.0 м (точка выведена в лабораторию) | C80: Отбор проб | D80: 2 раза в смену | F80: ИОТ-Ц-50-18-2018 | G80: Лаборатория № 3
C81: Массовая концентрация аммиака и ионов аммония в пересчёте на ион аммония, мг/дм3, не более | D81: 2 раза в смену | E81: 0.5 | F81: МИ 140-А2-2020 Колориметрический метод Диапазон измерений (0,3 – 1000) мг/дм3 | G81: Лаборатория № 3
A82: 3.6 | B82: Коллектор отходящей воды в водооборот после охлаждения в холодильных бочках 1-ой группы колонн, после ПГКл-I(1-2 гр.), отм. 0.0 м | C82: Отбор проб | D82: 2 раза в смену | F82: ИОТ-Ц-50-18-2018 МИ 140-А2-2020 | G82: Лаборатория № 3
C83: Массовая концентрация аммиака и ионов аммония в пересчёте на ион аммония, мг/дм3, не более | D83: 2 раза в смену | E83: 0.5 | F83: МИ 140-А2-2020 Колориметрический метод Диапазон измерений (0,3 – 1000) мг/дм3 | G83: Лаборатория № 3
A84: 3.7 | B84: Коллектор отходящей воды в водооборот после охлаждения в холодильных бочках 2-ой группы колонн,(3 гр.), отм. 0.0 м | C84: Отбор проб | D84: 2 раза в смену | F84: ИОТ-Ц-50-18-2018 МИ 140-А2-2020 | G84: Лаборатория № 3
C85: Массовая концентрация аммиака и ионов аммония в пересчёте на ион аммония, мг/дм3, не более | D85: 2 раза в смену | E85: 0.5 | F85: МИ 140-А2-2020 Колориметрический метод Диапазон измерений (0,3 – 1000) мг/дм3 | G85: Лаборатория № 3
A86: 3.8 | B86: Коллектор отходящей воды в водооборот после охлаждения в холодильных бочках 3-ей группы колонн, (4К), отм. 0.0 м | C86: Отбор проб | D86: 2 раза в смену | F86: ИОТ-Ц-50-18-2018 МИ 140-А2-2020 | G86: Лаборатория № 3
C87: Массовая концентрация аммиака и ионов аммония в пересчёте на ион аммония, мг/дм3, не более | D87: 2 раза в смену | E87: 0.5 | F87: МИ 140-А2-2020 Колориметрический метод Диапазон измерений (0,3 – 1000) мг/дм3 | G87: Лаборатория № 3
A88: 3.9 | B88: Коллектор отходящей воды в водооборот после охлаждения в холодильных бочках 2-ой группы колонн, ХГСП (4 гр.), отм. 0.0 м | C88: Отбор проб | D88: 2 раза в смену | F88: ИОТ-Ц-50-18-2018 МИ 140-А2-2020 | G88: Лаборатория № 3
C89: Массовая концентрация аммиака и ионов аммония в пересчёте на ион аммония, мг/дм3, не более | D89: 2 раза в смену | E89: 0.5 | F89: МИ 140-А2-2020 Колориметрический метод Диапазон измерений (0,3 – 1000) мг/дм3 | G89: Лаборатория № 3
A90: 4.Станция фильтрации
A91: (наработка соды кальцинированной марки Б с массовой долей хлоридов не более 0,15 %)
A92: 4.1 | B92: Сырой гидрокарбонат натрия с ленточных вакуум-фильтров поз.F-201, поз.F-401,отм. 8.0 м | C92: Отбор проб | D92: 12 раз в смену | F92: ИОТ-Ц-66-11-2023 | G92: Аппаратчик
C93: Массовая доля хлоридов в пересчёте на хлорид натрия, %, не более | D93: 12 раз в смену с каждого фильтра | E93: 0.08 | F93: МИ 103-А2-2018 Титриметрический метод Диапазон измерений (0,030 – 2,00) % | G93: Лаборатория № 3
C94: Массовая доля влаги, %, не более | D94: 4-6 раз в смену с каждого фильтра | E94: 16.8 | F94: МИ 107-А2-2019 Титриметрический метод Диапазон измерений (10,0 – 40,0) % | G94: Лаборатория № 3
C95: Массовая доля железа в пересчете на оксид железа (III), % не более | D95: 2 раза в смену из усредненной пробы по ленточным фильтрам | E95: 0.0015 | F95: МИ 104-А2-2018 Фотоколориметрический метод Диапазон измерений (0,00030 – 0,0100) % | G95: Лаборатория № 3
A96: 4.2 | B96: Промывная вода с ленточных вакуум-фильтро в поз.F-201, оз.F-401,отм.12.0 м и с барабанных вакуум-фильтров поз.5812-19, отм. 12.0 м | C96: Отбор проб | D96: 2 раза в смену | F96: ИОТ-Ц-66-11-2023 | G96: Аппаратчик
C97: Общая щелочность (прямой титр),г/дм3 (н.д.), не более | D97: 2 раза в смену | E97: 22,5 (25,0) | F97: МИ 115-А2-2019 Титриметрический метод Диапазон измерений - - в жидкостях 1,0 до 300,0 н.д. включительно | G97: Лаборатория № 3
C98: Массовая (объёмно-эквивалентная) концентрация ионов аммония, г/дм3 /(н.д.) | D98: 1 раз из усреднённой за месяц пробы | E98: Фактическое значение | F98: МИ 116-А2-2019 Титриметрический метод Диапазон измерений: - в жидкостях 1,0 до 300,0 н.д. включительно | G98: Лаборатория № 3
C99: Массовая (объёмно-эквивалентная) концентрация хлорид-ионов, г/дм3 /(н.д.), не более | D99: 2 раза в смену | E99: 0,53(0,30) | F99: МИ 85-А2-2017 Титриметрический метод Диапазон измерений (0,040 – 106,0) н.д. | G99: Лаборатория № 3
C100: Массовая (объёмно-эквивалентная) концентрация двуокиси углерода, г/дм3 /(н.д.) | D100: 1 раз из усредненной пробы за смену | E100: Фактическое значение | F100: МИ 79-А2-2017 Газо-объёмный метод Диапазон измерений (0,020 – 200,0) н.д. | G100: Лаборатория № 3
...

Sheet Техкарта 
A1: ТЕХНИЧЕСКАЯ КАРТА по контролю ведения технологического режима производства бикарбоната натрия сырого цеха № 66 отделений Абсорбции-дистилляции-1, Карбонизация-1
H3: 23.04.2025г.
A4: № п/п | B4: Что контролируется | C4: Контролируемые параметры | D4: Нормы | F4: Частота контроля | G4: Кто контролирует
D5: По регламенту | E5: По техрежиму
A6: 1 | B6: 2 | C6: 3 | D6: 4 | E6: 5 | F6: 6 | G6: 7
A7: 1. | B7: Промыватель воздуха фильтров поз.21-3 (ПВФл). Замер на коллекторе нагнетания после поз.6 1-5(ТВН-360-22-1) вакуумной станции цеха Компрессии отм. 4.0 м | C7: Массовая концентрация аммиака в газе, выходящем из ПГКл-2 и расчет потерь аммиака с газом на 1 т соды (в пересчёте на аммиачную воду с массовой долей 25,5 %), кг/т соды, не более | D7: 0.8 | E7: 0.8 | F7: 1 раз в смену | G7: Лаборатория № 3
A8: 2. | B8: Второй промыватель газа колонн поз. 91-7 (ПГКл-II) Отбор пробы жидкости с трубопровода аппарата, отм.28.0 м Замер газа на трубопроводе после аппарата, отм.40.0 м | C8: Общая щелочность (прямой титр), г/дм3 (н.д.), не более | D8: 21,6 (24,0) | E8: 21,6 (24,0) | F8: 1 раз в декаду | G8: Лаборатория № 3
C9: Объёмная доля углекислого газа, % (об.), не более | D9: 8 | E9: 8 | F9: 1 раз в сутки | G9: Лаборатория № 3
C10: Массовая концентрация аммиака в газе, выходящем из ПГКл-2 и расчет потерь аммиака с газом на 1 т соды (в пересчёте на аммиачную воду с массовой долей 25,5 %), кг/т соды, не более | D10: 0.8 | E10: 0,20у | F10: 1 раз в смену | G10: Лаборатория № 3
A11: 3. | B11: Промыватель газа абсорбции. поз.31-3 (ПГАБ) Замер газа с коллектора отд. Карбонизация-1 отм. 17.0 м Отбор проб жидкости с трубопровода после аппарата отм. 32.0 м | C11: Объёмная доля углекислого газа, % (об.), не менее | D11: 90 | E11: 90 | F11: 2 раза в смену | G11: Лаборатория № 3
C12: Общая щелочность (прямой титр), г/дм3 (н.д.), не более | D12: 36,1 (40,0) | E12: 36,1 (40,0) | F12: 1 раз в декаду | G12: Лаборатория № 3
A13: 4. | B13: Холодильник газа дистилляции поз.81-7 (ХГДС) | C13: Температура газа ХГДС на выходе, °С | D13: 56÷62 | E13: 56÷62 | F13: 2 раза в смену | G13: Лаборатория № 3
A14: 5. | B14: Сборник аммонизированного рассола (САР) поз.151,2 Отбор проб с коллектора отм.12.0 м; 22.0 м | C14: Общая щелочность (прямой титр), г/дм3 (н.д.) | D14: Летом (90,2÷93,8)/ (100,0÷104,0) Зимой (92,0÷95,6)/ (102,0÷106,0) | E14: Летом (90,2÷93,8)/ (100,0÷104,0) Зимой (92,0÷95,6)/ (102,0÷106,0) | F14: 10-12 раз в смену | G14: Лаборатория № 3
C15: Массовая (объёмно-эквивалентная) концентрация хлорид-ионов, г/дм3/(н.д.), не менее | D15: 153,9 (86,8) | E15: 153,9 (86,8) | F15: 2 раза в смену и из усредненной пробы за смену | G15: Лаборатория № 3
C16: Массовая (объёмно-эквивалентная) концентрация сульфид-ионов, г/дм3 (н.д.) | D16: 0,16÷0,80 (0,20÷1,00) | E16: 0,16÷0,80 (0,20÷1,00) | F16: 2 раза в смену | G16: Лаборатория № 3
C17: Температура жидкости,°С, не более | D17: 70 | E17: 70 | F17: 2 раза в смену | G17: Лаборатория № 3
A18: 6. | B18: Конденсатор газа дистилляции (КДС) поз.331-7 | C18: Температура газ на выходе из аппарата, °С, не более | D18: 71 | E18: 71 | F18: 2 раза в смену | G18: Лаборатория № 3
A19: 7. | B19: Коллектор жидкости после дистиллера слабой жидкости (ДСЖ) поз.44 и поз.77 (ДСЖ № 1,2) отм. 0.0 м | C19: Массовая (объёмно-эквивалентная) концентрация аммиака, г/дм3/(н.д.; н.д./2л), не более | D19: 0,17/(0,20; 20,0) | E19: 0,17/(0,20; 20,0) | F19: 1 раз в смену и из усредненной пробы за смену | G19: Лаборатория № 3
A20: 8. | B20: Коллектор жидкости после испарителя поз.401-7 (ИС) отм.0.0 м | C20: Массовая (объёмно-эквивалентная) концентрация аммиака, г/дм3/(н.д.; н.д./2л), не более | D20: 0,13 (0,15; 15,0) | E20: 0,13 (0,15; 15,0) | F20: 1 раз в смену с каждого элемента и из усредненной пробы за смену | G20: Лаборатория № 3
C21: Массовая (объемно-эквивалентная ) концентрация активного гидроксида кальция в пересчёте на активную окись кальция (СаОакт), г/дм3/(н.д.), не более | D21: 3,5 (2,5) | E21: 3,5 (2,5) | F21: 1 раз в смену с каждого элемента и из усредненной пробы за смену | G21: Лаборатория № 3
C22: Массовая (объёмно-эквивалентная) концентрация хлорид-ионов, г/дм3/(н.д.), не менее | D22: 106,4 (60,0) | E22: 106,4 (60,0) | F22: 1 раз в смену с каждого элемента и из усредненной пробы за смену | G22: Лаборатория № 3
A23: 9. | B23: Коллектор жидкости после теплообменника дистилляции поз. 341-7 (ТДС) отм. 16.0 м | C23: Массовая (объёмно-эквивалентная) концентрация двуокиси углерода, г/дм3/(н.д.), не более | D23: 2,20 (2,00) | E23: 2,20 (2,00) | F23: 1 раз в смену с каждого элемента | G23: Лаборатория № 3
A24: 10. | B24: Коллектор суспензии гидрокарбоната натрия с карбоколонн на группу барабанных вакуум-фильтров поз.5812-19 отм. 8.0 м и ленточные фильтры поз.F201, поз.F401 отм.12.0 м | C24: Массовая (объёмно-эквивалентная) концентрация NH3связ, г/дм3/(н.д.), не менее | D24: Летом: 61,3 (68,0) Зимой: 63,1 (70,0) | E24: Летом: 63,1 (71,0)у Зимой: 64,9 (72,0)у | F24: 2 раза в смену с ленточных фильтров и группы колонн с барабанных фильтров и из усредненных проб за смену | G24: Лаборатория № 3
C25: Массовая (объёмно-эквивалентная) концентрация хлорид-ионов, г/дм3 /(н.д.), не менее | D25: 168,4 (95,0) | E25: 168,4 (95,0) | F25: 1-2 раза в смену с ленточных фильтров и группы колонн с барабанных фильтров и из усредненных проб за смену | G25: Лаборатория № 3
C26: Температура суспензии на выходе из колонны, °С | D26: 25÷36 | E26: 25÷36 | F26: 2 раза в смену | G26: Лаборатория № 3
C27: Температура газа на выходе из колонны, °С | D27: 42÷52 | E27: 42÷52 | F27: 2 раза в смену | G27: Лаборатория № 3
A28: 11. | B28: Колонна предварительной карбонизации (КлПК) поз.51, отм. 12.0 м | C28: Массовая (объёмно-эквивалентная) концентрация двуокиси углерода, г/дм3/(н.д.), не более | D28: 60,5÷74,8 (55,0÷68,0) | E28: 60,5÷74,8 (55,0÷68,0) | F28: 2 раза в смену | G28: Лаборатория № 3
A29: 12. | B29: Сырой гидрокарбонат натрия с барабанных вакуум-фильтров поз.5812÷19, отм. 8.0 м | C29: Массовая доля влаги, при выпуске соды с содержанием Cl- не более 0,15%,%, не более | D29: 17 | E29: 17 | F29: 4-6 раз в смену с группы вакуум фильтров | G29: Лаборатория № 3
C30: при выпуске соды 1 сортом с содержанием Cl- не более 0,5%,%, не более | D30: 17 | E30: 17 | G30: Лаборатория № 3
C31: Массовая доля хлоридов в пересчёте на хлорид натрия, при выпуске соды с содержанием Cl- не более 0,15%,%, не более | D31: 0.08 | E31: 0.08 | F31: 12 раз в смену с каждого фильтра (10 раз в смену с каждого фильтра и 2 раза в смену с группы фильтров) | G31: Лаборатория № 3
C32: при выпуске соды 1 сортом с содержанием Cl- не более 0,5%,%, не более | D32: 0.4 | E32: 0,18 – 0,25у | G32: Лаборатория № 3
A33: 13. | B33: Сырой гидрокарбонат натрия с ленточных вакуум-фильтров поз.F-201, поз.F-401, отм. 8.0 м | C33: Массовая доля влаги, при выпуске соды с содержанием Cl- не более 0,15%,%, не более | D33: 16.8 | E33: 16.8 | F33: 4-6 раз в смену с каждого фильтра | G33: Лаборатория № 3
C34: при выпуске соды 1 сортом с содержанием Cl- не более 0,5%,%, не более | D34: 16.8 | E34: 16.8 | G34: Лаборатория № 3
C35: Массовая доля хлоридов в пересчёте на хлорид натрия, при выпуске соды с содержанием Cl- не более 0,15%,%, не более | D35: 0.08 | E35: 0.08 | F35: 12 раз в смену с каждого фильтра | G35: Лаборатория № 3
C36: при выпуске соды 1 сортом с содержанием Cl- не более 0,5%,%, не более | D36: 0.25 | E36: 0,18 – 0,25у | G36: Лаборатория № 3
A37: 14. | B37: Коллектор маточной жидкости с каждого ленточного фильтра поз.F-201, поз.F-401, отм. 0.0 м | C37: Потери гидрокарбоната натрия, при выпуске соды с содержанием Cl- не более 0,15%, %, не более | D37: 3.5 | E37: 3.5 | F37: 1 раз в смену | G37: Лаборатория № 3
C38: при выпуске соды 1 сортом с содержанием Cl- не более 0,5%,%, не более | D38: 2.8 | E38: 2.8 | G38: Лаборатория № 3
C39: Массовая (объёмно-эквивалентная) концентрация хлорид-ионов, при выпуске соды с содержанием Cl- не более 0,15%, г/дм3 (н.д.), не менее | D39: 161,3 (91,0) | E39: 163,1 (91,0) | F39: 2-3 раза в смену с каждого фильтра и 1 раз из усредненной пробы с каждого фильтра за смену | G39: Лаборатория № 3
C40: при выпуске соды 1 сортом с содержанием Cl- не более 0,5%,%, не менее | D40: 164,9 (93,0) | E40: 163,3 (92,0)у | G40: Лаборатория № 3
A41: 15. | B41: Коллектор маточной жидкости с группы барабанных вакуум-фильтров поз.5812-19, отм. 0.0 м | C41: Потери гидрокарбоната натрия, при выпуске соды с содержанием Cl- не более 0,15%, %, не более | D41: 10 | E41: 10 | F41: 1 раз в смену | G41: Лаборатория № 3
C42: при выпуске соды 1 сортом с содержанием Cl- не более 0,5%,%, не более | D42: 5 | E42: 5 | G42: Лаборатория № 3
C43: Массовая (объёмно-эквивалентная) концентрация хлорид-ионов, при выпуске соды с содержанием Cl- не более 0,15%, г/дм3 (н.д.), не менее | D43: 145,4 (82,0) | E43: 145,4 (82,0) | F43: 2-3 раза в смену с каждого фильтра и 1 раз из усредненной пробы за смену | G43: Лаборатория № 3
C44: при выпуске соды 1 сортом с содержанием Cl- не более 0,5%,%, не менее | D44: 156,0 (88,0) | E44: 156,0 (88,0) | G44: Лаборатория № 3
A45: 16. | B45: Промывная вода с ленточных вакуум-фильтров поз.F201, поз.F401 и барабанных вакуум-фильтров поз. 5812-19 отм.12.0 м | C45: Температура, °С, не более | D45: 30-40 | E45: 30-40 | F45: 2 раза в смену | G45: Лаборатория № 3
C46: Массовая (объёмно-эквивалентная) концентрация хлорид-ионов , г/дм3 (н.д.), не более | D46: 0,53/(0,30) | E46: 0,53/(0,30) | F46: 2 раза в смену | G46: Лаборатория № 3
C47: Общая щелочность (прямой титр), г/дм3 (н.д.), не более | D47: 22,5/(25,0) | E47: 22,5/(25,0) | F47: 2 раза в смену | G47: Лаборатория № 3
A48: 17. | B48: Технологические нитки соды марки Б: - после содовых печей рейдлер Р2, Р2а, Р2б (отм. 0.0 м) и паровых кальцинаторов рейдлер 4б (отм. 10.3 м) | C48: Массовая доля хлоридов в пересчете на NaCl, %, не более | D48: 0,15/0,5* | E48: 0,15/0,5* | F48: 6-12 раз в смену | G48: Лаборатория № 3
A49: 18. | B49: Вакуум на машины (по прибору) | C49: Вакуум, мм рт. ст., не более | D49: Минус 220 | E49: Минус 220 | F49: 12 раз в смену | G49: Лаборатория № 3
A50: у-Ужесточено 4 параметра технологического режима.
A51: *-При наработке кальцинированной соды с содержанием хлоридов не более 0,5 %.
D53: ТЕХНИЧЕСКАЯ КАРТА
D54: по контролю ведения технологического режима
D55: Цех Кальцинированной соды. Отделение Кальцинация -1
A57: № | B57: Что контролируется | C57: Контролируемые параметры | D57: Нормы | F57: Частота контроля | G57: Кто конт-ролирует
A58: п/п
D59: По регламенту | E59: По техрежиму
A61: 1 | B61: Технологические нитки соды марки Б: - после содовых печей редлер Р2, Р2а, Р2б (поз.921-3) отметка 0,0 м - после паровых кальцинаторов редлер 4б (поз.128) отметка 10,3 м | C61: Массовая доля углекислого натрия Na2CO3, % | D61: не менее 99,0 | E61: не менее 99,0 | F61: 4-8 раз в смену | G61: Лаборатория №4 УАК
A62: 2 | B62: Кальцинированная сода на выходе с содовых печей поз.811-16 отметка 0,0 м | C62: Температура, °С | D62: 145-165 | E62: 145-165 | F62: 1 раз в смену | G62: Лаборатория №4 УАК
A63: 3 | B63: Кальцинированная сода на выходе с паровых кальцинаторов поз. 1081÷4,7÷10 отметка 10,3 м | C63: Температура, °С | D63: 165-185 | E63: 165-185 | F63: 1 раз в смену | G63: Лаборатория №4 УАК
A64: 4 | B64: Коллектор смешанного газа после содовых печей КГСП № 1, 2, 3 отметка 12,0 м | C64: Содержание СО2 % (об.) | D64: не менее 84,0 | E64: не менее 90 у | F64: 1 раз в смену | G64: Лаборатория №4 УАК
A65: 5 | B65: Коллектор газа после паровых кальцинаторов КГПК № 4 отметка 12,0 м | C65: Содержание СО2, % (об.) | D65: не менее 75,0 | E65: не менее 80 У | F65: 1 раз в смену | G65: Лаборатория №4 УАК
A66: 6 | B66: Коллектор газа после паровых кальцинаторов КГПК № 5 отметка 22,0 м отметка.8,0 м | C66: Содержание СО2 % (об.) | D66: не менее 85 | E66: не менее 85 | F66: 1 раз в смену | G66: Лаборатория №4 УАК
A67: 7 | B67: Содовая печь поз. 811-16 отметка 8,0 м. | C67: Удлинение барабана содовой печи, мм, не более | D67: 120 | E67: 120 | F67: 1 раз в сутки | G67: Лаборатория №4 УАК
A68: 8 | B68: Дымовые газы после топки содовых печей до рекуператора | C68: Температура выходящих газов, °С, не более | D68: 550 | E68: 550 | F68: 1 раз в смену | G68: Лаборатория №4 УАК
A70: 9 | B70: Топка содовых печей поз. 1231-16 отметка 5,8 м | C70: Содержание СО2 в дымовых газах после содовой печи, % (об.), не менее | F70: 1 раз в сутки | G70: Лаборатория №4 УАК
C71: на природном газе | D71: 8.5 | E71: 8.5
B74: Ужесточено 2 параметров технологического режима
D75: ТЕХНИЧЕСКАЯ КАРТА
D76: по контролю ведения технологического режима
D77: Цех Компрессии отделение1
A79: № | B79: Что контролируется | C79: Контролируемые параметры | D79: Нормы | F79: Частота контроля | G79: Кто конт-ролирует
A80: п/п
D81: По регламенту | E81: По техрежиму
A83: 1 | B83: Трубопровод газа коллектора 1-го входа | C83: Давление, Мпа (кгс/см2) | D83: 0,36-0,42 (3,6-4,2) | E83: 0,36-0,42 (3,6-4,2) | F83: 1 раз в смену | G83: Лаборатория №4 УАК
A84: 2 | B84: Трубопровод газа коллектора 2-го входа | C84: Давление, Мпа (кгс/см2) | D84: 0,25-0,33 (2,5-3,3) | E84: 0,25-0,33 (2,5-3,3) | F84: 1 раз в смену | G84: Лаборатория №4 УАК
A85: 3 | B85: Трубопровод газа коллектора форгаза | C85: Давление, Мпа (кгс/см2) | D85: 0,34-0,42 (3,4-4,2) | E85: 0,34-0,42 (3,4-4,2) | F85: 1 раз в смену | G85: Лаборатория №4 УАК
A86: 4 | B86: Трубопровод газа коллектора 1-го входа, 2-го входа, и форгаза°C | C86: Температура, °C не более | D86: 50-65 | E86: 50-65 | F86: 1 раз в смену | G86: Лаборатория №4 УАК
A87: 5 | B87: Коллектор воздуха вакуум-фильтров на входе в отделение | C87: Разряжение, кПа (мм.рт.ст) | D87: не менее минус 380 | E87: не менее минус 380 | F87: 1 раз в смену | G87: Лаборатория №4 УАК
D89: ТЕХНИЧЕСКАЯ КАРТА
D90: по контролю ведения технологического режима
D91: Цех Компрессии отделение1
A93: № | B93: Что контролируется | C93: Контролируемые параметры | D93: Нормы | F93: Частота контроля | G93: Кто конт-ролирует
A94: п/п
D95: По регламенту | E95: По техрежиму
A97: 1 | B97: Трубопровод газа коллектора 1-го входа, 2-го входа, и форгаза°C | C97: Температура, °C не более | D97: 50-65 | E97: 50-70* | F97: 1 раз в смену | G97: Лаборатория №4 УАК
E98: *Распоряжение №

Sheet Авт.контроль
A1: Перечень параметров автоматического контроля, фиксируемых в Листах результатов контроля технологического режима цеха № 66 (отделений Абсорбции-дистилляции-1, Карбонизации-1), цеха № 83 (отделения Кальцинации-1), цеха № 85 (отделения Компрессии-1)
A2: № п/п | B2: Наименование стадий процесса, места измерения параметров или отбора проб | C2: Контролируемый параметр | D2: Норма и технический показатель | E2: Частота и способ контроля | F2: Нормативный документ | G2: Способ контроля | H2: 22.04.2025г
A3: 1 | B3: 2 | C3: 3 | D3: 4 | E3: 5 | F3: 6 | G3: 7
A4: Цех № 66
A5: Отделение Абсорбции-Дистилляции-1
A6: Станция абсорбции
A7: 1 | B7: Коллектор оборотной воды | C7: Температура, °С | D7: 20-28 | E7: 1 раз в смену | F7: Данный показатель фиксируется в качестве дополнительных сведений для ведения технологического режима | G7: Сведения с АСУТП
A8: 2 | B8: Трубопровод подачи очищенного рассола в отделение АД-1 | C8: Расход, м3/за смену | D8: факт | E8: 1 раз в смену | F8: ТР 03-2025 | G8: По телефонной связи с технологическим персоналом
A9: 3 | B9: Трубопровод газовой смеси на выходе из холодильника газа дистилляции поз. 81,2,3,5,7 (ХГДС) | C9: Температура, °С | D9: 56-62 | E9: 2 раза в смену | F9: ТР 03-2025/ Техническая карта по контролю ведения технологического режима цеха № 66 | G9: Сведения с АСУТП
A10: 4 | B10: Трубопровод выхода газа из нижней части второго абсорбера поз. 122,3,5 (АБ-II) | C10: Температура, °С | D10: 56-62 | E10: 2 раза в смену | F10: ТР 03-2025 | G10: Сведения с АСУТП
A11: 5 | B11: Сборник аммонизированного рассола (САР) поз.151,2 | C11: Уровень, м3 | D11: 120-700 | E11: 1 раз в смену | F11: ТР 03-2025 | G11: По телефонной связи с технологическим персоналом
A12: 6 | B12: Трубопровод подачи аммонизированного рассола в отделение Карбонизации-1 | C12: Температура,°С, не более | D12: 70 | E12: 1 раз в смену | F12: ТР 03-2025/ Техническая карта по контролю ведения технологического режима цеха № 66 | G12: Сведения с АСУТП
A13: 7 | B13: Трубопровод газовой смеси на выходе из первого абсорбера поз. 111,7 (АБ-I) | C13: Температура, °С | D13: 56-62 | E13: 2 раза в смену | F13: ТР 03-2025 | G13: Сведения с АСУТП
A14: 8 | B14: Трубопровод подачи очищенной воды с установки использования тепла дистиллерной жидкости (УИТДЖ) и с ТЭЦ на всас насоса поз.141-4 | C14: Расход, м3/за смену | D14: факт | E14: 1 раз в смену | F14: ТР 03-2025 | G14: По телефонной связи с технологическим персоналом
A15: Станция дистилляции
A16: 9 | B16: Сборник фильтровой жидкости поз.291,2 | C16: Уровень, м3 | D16: 300-800 | E16: 1 раз в смену | F16: ТР 03-2025 | G16: По телефонной связи с технологическим персоналом
A17: 10 | B17: Трубопровод подачи фильтровой жидкости на элементы дистилляции № 1÷3,4,5÷7 | C17: Расход, м3/ч | D17: 100-190 | E17: 2 раза в смену | F17: ТР 03-2025 | G17: Сведения с АСУТП
A18: 11 | C18: Расход, м3/за смену | D18: факт | E18: 1 раз в смену | F18: ТР 03-2025 | G18: По телефонной связи с технологическим персоналом
A19: 12 | B19: Трубопровод газовой смеси на выходе из КДС поз. 331-3,4,5-7 | C19: Температура, °С, не более | D19: 71 | E19: 2 раза в смену | F19: ТР 03-2025/ Техническая карта по контролю ведения технологического режима цеха № 66 | G19: Сведения с АСУТП
A20: 13 | B20: Трубопровод газовой смеси на выходе из дистиллера поз. 351,4,2,3,5-7 | C20: Температура, °С | D20: 92-100 | E20: 2 раза в смену | F20: ТР 03-2025 | G20: Сведения с АСУТП
A21: 14 | B21: Дистиллер поз. 351,4,2,3,5-7 | C21: Давление в нижней зоне, кгс/см2, не более | D21: 0.5 | E21: 2 раза в смену | F21: ТР 03-2025 | G21: Сведения с АСУТП
A22: 1 | B22: 2 | C22: 3 | D22: 4 | E22: 5 | F22: 6 | G22: 7
A23: Отделение Карбонизации-1
A24: Станция Карбонизации
A25: 15 | B25: Трубопровод речной воды | C25: Температура, °С | D25: 4-28 | E25: 1 раз в смену | F25: ТР 03-2025 | G25: Сведения с АСУТП
A26: 16 | B26: Колонна карбонизации поз. 551-5, 6, 7-10, 12-15 (режим осадительной колонны) | C26: Температура 25-ой бочки, °С | D26: 58-60 | E26: 2 раза в смену | F26: ТР 03-2025 | G26: Сведения с АСУТП
A27: 17 | B27: Колонна карбонизации поз. 551-5, 6, 7-10, 12-15 (режим осадительной колонны) | C27: Температура 14-ой бочки, °С, не менее | D27: 60 | E27: 2 раза в смену | F27: ТР 03-2025 | G27: Сведения с АСУТП
A28: 18 | B28: Трубопровод суспензии после карбоколонны поз. 551-5 ,6, 7-10, 12-15 | C28: Температура, °С | D28: 25-36 | E28: 2 раза в смену | F28: ТР 03-2025/ Техническая карта по контролю ведения технологического режима цеха № 66 | G28: Сведения с АСУТП
A29: 19 | B29: Трубопровод отходящего газа после карбоколонны поз.551-5, 6, 7-10, 12-15 | C29: Температура, °С | D29: 42-52 | E29: 2 раза в смену | F29: ТР 03-2025/ Техническая карта по контролю ведения технологического режима цеха № 66 | G29: Сведения с АСУТП
A30: 20 | B30: Трубопровод 2-ой жидкости из поз.521-3 ПГКл-1,2,3 группы карбоколонн | C30: Температура, °С | D30: 38-40 | E30: 1 раз в смену | F30: ТР 03-2025 | G30: Сведения с АСУТП
A31: 21 | B31: Колонна карбонизации поз.551-5, 6, 7-10, 12-15 (Режим предварительной карбонизации) | C31: Температура, °С | D31: факт | E31: 1 раз в смену | F31: «Методика по заполнения формы технического отчета Производства кальцинированной соды № 39699/203/13», Распоряжение от 31.01.2014 г. № 83 | G31: По телефонной связи с технологическим персоналом
A32: Станция Фильтрации
A33: 22 | B33: Трубопровод промывной воды | C33: Температура, °С | D33: 30-40 | E33: 1 раз в смену | F33: ТР 03-2025/ Техническая карта по контролю ведения технологического режима цеха № 66 | G33: Сведения с АСУТП
A34: 23 | B34: Третья ступень промывки ленточного фильтра | C34: Расход, м3/за смену | D34: факт | E34: 1 раз в смену | F34: ТР 03-2025 | G34: Сведения с АСУТП
A35: Станция охлаждения и промывки газа содовых печей (паровых кальцинаторов)
A36: 24 | B36: Коллектор вакуума | C36: Давление, мм.рт.ст., не более | D36: минус 220 | E36: 12 раз в смену | F36: ТР 03-2025/ Техническая карта по контролю ведения технологического режима цеха № 66 | G36: Сведения с АСУТП
A37: 25 | B37: Трубопровод газа на выходе из ХГСП (ХГПК) поз. 691-5 | C37: Температура, °С | D37: 40-50 | E37: 2 раза в смену | F37: ТР 03-2025 | G37: Сведения с АСУТП
B38: Перечень составил: | D38: А.З.Краснова | E38: Дата: 22.04.2025г.
B39: Начальник лаборатории № 3 | D39: Э.С.Михайлова
B41: Актуализация перечня по мере изменений в нормативных документах

Sheet Обозначения и сокращения
A1: Обозначения и сокращения в соответствии с Планом аналитического контроля производства бикарбоната натрия сырого ( Цех№ АДК-1. Отделение АД-1, Карбонизация -1) | D1: Обозначения и сокращения используемые в листах результатов контроля технологического режима
A2: № п/п | B2: Наименование сокращений | C2: Расшифровка | D2: № п/п | E2: Наименование сокращений | F2: Расшифровка
A3: 1 | B3: ПВФЛ | C3: Промыватель воздуха фильтров | D3: 1 | E3: МЖ | F3: Маточная жидкость
A4: 2 | B4: ПГКЛ-II | C4: Второй промыватель газа колонн | D4: 2 | E4: ФЖ | F4: фильтровая жидкость
A5: 3 | B5: ПГАБ | C5: Промыватель газа абсорбции | D5: 3 | E5: б/ф | F5: Барабанный вакуум-фильтр
A6: 4 | B6: САР | C6: Сборник аммонизированного рассола | D6: 4 | E6: л/ф | F6: ленточный вакуум-фильтр
A7: 5 | B7: КЛПК | C7: Колонна предварительной карбонизации | D7: 6 | E7: гр. | F7: Группа
A8: 6 | B8: ПГКЛ-I | C8: Первый промыватель газа колонн | D8: 7 | E8: М.к. | F8: Массовая концентрация
A9: 7 | B9: СФЖ | C9: Сборник фильтровой жидкости | D9: 8 | E9: М.д. | F9: Массовая доля
A10: 8 | B10: КЛ | C10: Карбонизационная колонна | D10: 9 | E10: Об.-экв.к. | F10: объёмно-эквивалентная концентрация
A11: 9 | B11: ИС | C11: Испаритель | D11: 10 | E11: в/ф | F11: вакуум-фильтр
A12: 10 | B12: ДС | C12: Дистиллер | D12: 11 | E12: конц.,к. | F12: Концентрация
A13: 11 | B13: ДСЖ | C13: Дистиллер слабой жидкости | D13: 12 | E13: двуок.угл. | F13: двуокись углерода
A14: 12 | B14: ТДС | C14: Теплообменник дистилляции | D14: 13 | E14: гидрокс.кальц.в пер.на акт.окись кальц. (СаОакт) | F14: активный гидроксид кальция в пересчёте на активную окись кальция (СаОакт)
... A21: 19 | B21: АБ1/АБ2 | C21: абсорбер 1/ абсорбер 2 | D21: 20 | E21: н.тех.п | F21: нет технологического персонала
D22: 21 | E22: н.св | F22: Нет света
D23: 22 | E23: н.ж | F23: Нет жидкости
D24: 23 | E24: н.п | F24: Нет подхода
D25: 24 | E25: рем.р | F25: Ремонтные работы
D26: 25 | E26: доп. анализы | F26: Дополнительные анализы
D27: 26 | E27: отм. | F27: Отметка
D28: 27 | E28: ср.зн. | F28: Среднее значение
A29: Обозначения и сокращения единиц измерения | D29: 28 | E29: уср.проба за см. | F29: Усреднённая проба проба
A30: № п/п | B30: Наименование сокращений | C30: Расшифровка | D30: 29 | E30: ап. | F30: Аппаратчик
A31: 1 | B31: н.д. | C31: нормальные деления | D31: 30 | E31: лаб. | F31: Лаборант
A32: 2 | B32: н.д./2л | C32: нормальные деления на 2 литра | D32: 31 | E32: м.см. | F32: мастер смены
A33: 3 | B33: кг/т.с. | C33: килограмм на тонну соды | D33: 32 | E33: акт.окись | F33: Активная окись
A34: 4 | B34: м3/ч | C34: метр кубический в час | D34: 33 | E34: ком.отб | F34: Комиссионный отбор
A35: 5 | B35: м3 | C35: метр кубический | D35: 34 | E35: бик-т натр. | F35: Бикарбонат натрия
A36: 6 | B36: 0С | C36: градус Цельсия | D36: 35 | E36: прав | F36: Правый
A37: 7 | B37: кгс/см2 | C37: килограмм силы на квадратный сантиметр | D37: 36 | E37: лев | F37: Левый
A38: 8 | B38: мм.рт.ст | C38: миллиметр ртутного столба | D38: 37 | E38: датч | F38: Датчик
A39: 9 | B39: % | C39: проценты | D39: 38 | E39: сер | F39: Середина
A40: 10 | B40: мг/дм3 | C40: миллиграм на кубический дециметр | D40: 39 | E40: южн | F40: Южный
A41: 11 | B41: % (об.) | C41: концентрация газа в объемных процентах | D41: 40 | E41: сев | F41: Северный
A42: 12 | B42: Па | C42: Паскаль | D42: 41 | E42: зап | F42: Западный
D43: 42 | E43: вост | F43: Восточный
D44: 43 | E44: Рн | F44: Давление низа
D45: 44 | E45: ам.вода | F45: Амиачная вода
D46: 45 | E46: об.в | F46: Оборотная вода
D47: 46 | E47: р.в | F47: Речная вода
D48: 47 | E48: в пересч. | F48: В пересчете
D49: 48 | E49: Кол-р | F49: Коллектор
D50: 49 | E50: Отх.газ | F50: Отходящий газ
D51: 50 | E51: кол-во | F51: Количество
D52: 51 | E52: Вак. | F52: Вакуум
D53: 52 | E53: № маш. | F53: Номер машины
D54: 53 | E54: № эл. | F54: Номер элемента
... D88: 87 | E88: кол-во | F88: количество
D89: 88
D90: 89

Sheet Качеств.показатели
A1: Дата | B1: Смена | C1: Отх. газ после ПВФл | F1: Жидк. после ПГКл-2 | I1: Отходящий газ после ПГКл-2 | P1: Отх.газ после ПГАБ | S1: Жидк. после ПГАБ | V1: Газ после ХГДС | Y1: Аммонизировнный рассол | AK1: Газ после КДС | AN1: Жидк. после ДСЖ | AQ1: Жидкость после испарителя | AZ1: Жидкость после ТДС | BC1: Суспензия гидрокарбонатат натрия | BP1: Жидк.после КЛПК | BS1: Сырой гидрокарбонат натрия с б/ф | BY1: Маточная жидкость с б/ф | CE1: Сырой гидрокарбонат натрия с л/ф | CK1: Маточная жидкость с л/ф | CQ1: Промывная вода | CZ1: Вакуум в/ф
C2: М.к. аммиака | D2: кол-во ан. | E2: кол-во откл. | F2: Общ.щ. | G2: кол-во ан. | H2: кол-во откл. | I2: Об.доля СО₂ | J2: кол-во ан. | K2: кол-во откл. | L2: М.к. аммиака | M2: кол-во ан. | N2: кол-во откл. | O2: кол-во откл.по ТК | P2: Об.доля СО₂ | Q2: кол-во ан. | R2: кол-во откл. | S2: Общ.щ. | T2: кол-во ан. | U2: кол-во откл. | V2: Тем-ра | W2: кол-во ан. | X2: кол-во откл. | Y2: Общ.щ. | Z2: кол-во ан. | AA2: кол-во откл. | AB2: Об.экв.к. Cl⁻ | AC2: кол-во ан. | AD2: кол-во откл. | AE2: Об.экв.к. S²⁻ | AF2: кол-во ан. | AG2: кол-во откл. | AH2: Тем-ра | AI2: кол-во ан. | AJ2: кол-во откл. | AK2: Тем-ра | AL2: кол-во ан. | AM2: кол-во откл. | AN2: Об.экв.к.NH₃ | AO2: кол-во ан. | AP2: кол-во откл. | AQ2: Об.экв.к.NH₃ | AR2: кол-во ан. | AS2: кол-во откл. | AT2: Об.экв.к.CаО | AU2: кол-во ан. | AV2: кол-во откл. | AW2: Об.экв.к. Cl⁻ | AX2: кол-во ан. | AY2: кол-во откл. | AZ2: Об.экв.к. СО₂ | BA2: кол-во ан. | BB2: кол-во откл. | BC2: Об.экв.к.св. NH₃ | BD2: кол-во ан. | BE2: кол-во откл. | BF2: кол-во откл.по ТК | BG2: Об.экв.к. Cl⁻ | BH2: кол-во ан. | BI2: кол-во откл. | BJ2: Тем-ра | BK2: кол-во ан. | BL2: кол-во откл. | BM2: Тем-ра | BN2: кол-во ан. | BO2: кол-во откл. | BP2: Об.экв.к. СО₂ | BQ2: кол-во ан. | BR2: кол-во откл. | BS2: М.д. влаги | BT2: кол-во ан. | BU2: кол-во откл. | BV2: М.д.хлоридов | BW2: кол-во ан. | BX2: кол-во откл. | BY2: П б-та | BZ2: кол-во ан. | CA2: кол-во откл. | CB2: Об.экв.к. Cl⁻ | CC2: кол-во ан. | CD2: кол-во откл. | CE2: М.д. влаги | CF2: кол-во ан. | CG2: кол-во откл. | CH2: М.д.хлоридов | CI2: кол-во ан. | CJ2: кол-во откл. | CK2: П б-та | CL2: кол-во ан. | CM2: кол-во откл. | CN2: Об.экв.к. Cl⁻ | CO2: кол-во ан. | CP2: кол-во откл. | CQ2: Тем-ра | CR2: кол-во ан. | CS2: кол-во откл. | CT2: Об.экв.к. Cl⁻ | CU2: кол-во ан. | CV2: кол-во откл. | CW2: Общ.щ. | CX2: кол-во ан. | CY2: кол-во откл. | CZ2: Вакуум в/ф | DA2: кол-во ан. | DB2: кол-во откл.
C3: не более 0,80 кг/ т.с | F3: не более 24,0 н.д | I3: не более 8,0 н.д | L3: не более 0,80 кг/т.с | O3: н.б. 0,20 кг/т.с. | P3: не менее 90,0 % | S3: не более 40,0 н.д | V3: 56-62 ⁰С | Y3: 102,0-106,0 н.д | AB3: не менее 86,8 н.д | AE3: 0,20-1,00 н.д | AH3: не более 70⁰С | AK3: не более 71 ⁰С | AN3: не более 20,0 н.д/2л | AQ3: не более 15,0 н.д/2л | AT3: не более 2,5 н.д | AW3: не менее 60,0 н.д | AZ3: не более 2,00 н.д | BC3: не менее 70,0 н.д. | BF3: н.м.72,0 | BG3: не менее 95,0 н.д | BJ3: 25-36 ⁰С | BM3: 42-52 ⁰С | BP3: 55,0-68,0 н.д | BS3: не более 17,0 % | BV3: не более 0,08 % | BY3: не более 10,0 % | CB3: не менее 82,0 н.д | CE3: не более 16,8 % | CH3: не более 0,08 % | CK3: не более 3,5 % | CN3: не менее 91,0 н.д | CQ3: 30-40 ⁰С | CT3: не более 0,30 н.д | CW3: не более 25,0 н.д | CZ3: не менее 220 мм.рт.ст.
A4: ='Лист контроля '!N4 -> 04.03.2026г | B4: 1 | C4: ='Лист контроля '!C35 -> 0.06 | D4: =COUNT('Лист контроля '!C11:C17,'Лист контроля '!C25:C31) -> 3 | E4: =COUNTIF('Лист контроля '!C11:C17,">0,80")+COUNTIF('Лист контроля '!C25:C31,">0,80") -> 0 | I4: ='Лист контроля '!F35 -> #DIV/0! | J4: =COUNT('Лист контроля '!F11:F22,'Лист контроля '!F25:F34) -> 0 | K4: =COUNTIF('Лист контроля '!F11:F22,">8,0")+COUNTIF('Лист контроля '!F25:F34,">8,0") -> 0 | L4: ='Лист контроля '!E35 -> 0.06 | M4: =COUNT('Лист контроля '!E11:E22,'Лист контроля '!E25:E34) -> 4 | N4: =COUNTIF('Лист контроля '!E11:E22,">0,80")+COUNTIF('Лист контроля '!E25:E34,">0,80") -> 0 | O4: =COUNTIF('Лист контроля '!E11:E22,">0,20")+COUNTIF('Лист контроля '!E25:E34,">0,20") -> 0 | P4: ='Лист контроля '!AC90 -> 86 | Q4: =COUNT('Лист контроля '!AC78:AC89) -> 2 | R4: =COUNTIF('Лист контроля '!AC78:AC89,"<90,0") -> 2 | V4: ='Лист контроля '!AC55 -> 65 | W4: =COUNT('Лист контроля '!AC40:AC46,'Лист контроля '!AC48:AC54) -> 8 | X4: =COUNTIF('Лист контроля '!AC40:AC46,"<56")+COUNTIF('Лист контроля '!AC40:AC46,">62")+COUNTIF('Лист контроля '!AC48:AC54,"<56")+COUNTIF('Лист контроля '!AC48:AC54,">62") -> 3 | Y4: ='Лист контроля '!J35 -> 102.7 | Z4: =COUNT('Лист контроля '!J9:J32) -> 12 | AA4: =COUNTIF('Лист контроля '!J9:J32,"<102")+COUNTIF('Лист контроля '!J9:J32,">106") -> 0 | AB4: ='Лист контроля '!I35 -> 88.1 | AC4: =COUNT('Лист контроля '!I9:I35) -> 3 | AD4: =COUNTIF('Лист контроля '!I9:I35,"<86,8") -> 0 | AE4: ='Лист контроля '!G35 -> 0.43 | AF4: =COUNT('Лист контроля '!G9:G32) -> 2 | AG4: =COUNTIF('Лист контроля '!G9:G32,"<0,2")+COUNTIF('Лист контроля '!G9:G32,">1,0") -> 0 | AH4: ='Лист контроля '!F73 -> 64 | AI4: =COUNT('Лист контроля '!F73) -> 1 | AJ4: =COUNTIF('Лист контроля '!F73,">70") -> 0 | AK4: ='Лист контроля '!AB55 -> 72 | AL4: =COUNT('Лист контроля '!AB40:AB46,'Лист контроля '!AB48:AB54) -> 6 | AM4: =COUNTIF('Лист контроля '!AB40:AB46,">71")+COUNTIF('Лист контроля '!AB48:AB54,">71") -> 3 | AN4: =MAX('Лист контроля '!U53,'Лист контроля '!W53) -> 5.6 | AO4: =COUNT('Лист контроля '!U40:U53,'Лист контроля '!W40:W53) -> 4 | AP4: =COUNTIF('Лист контроля '!U40:U53,">20")+COUNTIF('Лист контроля '!W40:W53,">20") -> 0 | AQ4: =MAX('Лист контроля '!P55,'Лист контроля '!S53) -> 5.1 | AR4: =COUNT('Лист контроля '!P40:P46,'Лист контроля '!P48:P54,'Лист контроля '!S40:S53) -> 12 | AS4: =COUNTIF('Лист контроля '!P40:P46,">15")+COUNTIF('Лист контроля '!P48:P54,">15")+COUNTIF('Лист контроля '!S40:S53,">15") -> 0 | AT4: =MAX('Лист контроля '!O55,'Лист контроля '!R53) -> 2.9 | AU4: =COUNT('Лист контроля '!O40:O46,'Лист контроля '!O48:O54,'Лист контроля '!R40:R53) -> 12 | AV4: =COUNTIF('Лист контроля '!O40:O46,">3,0")+COUNTIF('Лист контроля '!O48:O54,">3,0")+COUNTIF('Лист контроля '!R40:R53,">3,0") -> 2 | AW4: ='Лист контроля '!Q55 -> 61.7 | AX4: =COUNT('Лист контроля '!Q40:Q46,'Лист контроля '!Q48:Q54) -> 6 | AY4: =COUNTIF('Лист контроля '!Q40:Q46,"<60,0")+COUNTIF('Лист контроля '!Q48:Q54,"<60,0") -> 0 | AZ4: ='Лист контроля '!Y55 -> 1.29 | BA4: =COUNT('Лист контроля '!Y40:Y54) -> 3 | BB4: =COUNTIF('Лист контроля '!Y40:Y54,">2,0") -> 0 | BC4: ='Лист контроля '!X35 -> 68 | BD4: =COUNT('Лист контроля '!T9:T33,'Лист контроля '!X9:X33,'Лист контроля '!AB9:AB33) -> 9 | BE4: =COUNTIF('Лист контроля '!T9:T33,"<70,0")+COUNTIF('Лист контроля '!X9:X33,"<70,0")+COUNTIF('Лист контроля '!AB9:AB33,"<70,0") -> 9 | BF4: =COUNTIF('Лист контроля '!T9:T33,"<72,0")+COUNTIF('Лист контроля '!X9:X33,"<72,0")+COUNTIF('Лист контроля '!AB9:AB33,"<72,0") -> 9 | BG4: ='Лист контроля '!U35 -> 96.1 | BH4: =COUNT('Лист контроля '!Q9:Q33,'Лист контроля '!U9:U33,'Лист контроля '!Y9:Y33) -> 9 | BI4: =COUNTIF('Лист контроля '!Q9:Q33,"<95,0")+COUNTIF('Лист контроля '!U9:U33,"<95,0")+COUNTIF('Лист контроля '!Y9:Y33,"<95,0") -> 0 | BJ4: ='Лист контроля '!AD34 -> 30 | BK4: ='Лист контроля '!AD35 -> 20 | BL4: =COUNTIF('Лист контроля '!AD4:AD33,"<25")+COUNTIF('Лист контроля '!AD4:AD33,">36") -> 0 | BM4: ='Лист контроля '!AE34 -> 49 | BN4: ='Лист контроля '!AD35 -> 20 | BO4: =COUNTIF('Лист контроля '!AE4:AE33,"<42")+COUNTIF('Лист контроля '!AE4:AE33,">52") -> 0 | BP4: ='Лист контроля '!L29 -> 67 | BQ4: =COUNT('Лист контроля '!K9:M28) -> 4 | BR4: =COUNTIF('Лист контроля '!K9:M28,"<55")+COUNTIF('Лист контроля '!K9:M28,">68") -> 1 | BS4: ='Лист контроля '!G90 -> 16.4 | BT4: ='Лист контроля '!G91 -> 6 | BU4: =COUNTIF('Лист контроля '!G78:G89,">19,0") -> 0 | BV4: ='Лист контроля '!N90 -> 0.06 | BW4: ='Лист контроля '!M90 -> 9 | BX4: =COUNTIF('Лист контроля '!M78:T89,">0,08") -> 0 | BY4: ='Лист контроля '!AF60 -> 14.6 | BZ4: =COUNT('Лист контроля '!AF60) -> 1 | CA4: =COUNTIF('Лист контроля '!AF60,">10,0") -> 1 | CB4: ='Лист контроля '!B44 -> 75.3 | CC4: =COUNT('Лист контроля '!I40:I51,'Лист контроля '!B44) -> 4 | CD4: =COUNTIF('Лист контроля '!I40:I51,"<82,0")+COUNTIF('Лист контроля '!B44,"<82,0") -> 3 | CE4: ='Лист контроля '!F91 -> 16.6 | CF4: ='Лист контроля '!E91 -> 12 | CG4: =COUNTIF('Лист контроля '!E78:F89,">16,8") -> 6 | CH4: ='Лист контроля '!L90 -> 0.08 | CI4: ='Лист контроля '!K90 -> 12 | CJ4: =COUNTIF('Лист контроля '!K78:L89,">0,08") -> 1 | CK4: ='Лист контроля '!AF59 -> 7 | CL4: =COUNT('Лист контроля '!D47:D48) -> 2 | CM4: =COUNTIF('Лист контроля '!D47:D48,">3,5") -> 2 | CN4: ='Лист контроля '!B42 -> 85.7 | CO4: =COUNT('Лист контроля '!G40:H51,'Лист контроля '!B40:B41) -> 8 | CP4: =COUNTIF('Лист контроля '!G40:H51,"<91,0")+COUNTIF('Лист контроля '!B40:B41,"<91,0") -> 8 | CQ4: ='Лист контроля '!F72 -> 29 | CR4: =COUNT('Лист контроля '!F72) -> 1 | CS4: =COUNTIF('Лист контроля '!F72,"<30")+COUNTIF('Лист контроля '!F72,">40") -> 1 | CT4: ='Лист контроля '!C90 -> 0.06 | CU4: =COUNT('Лист контроля '!C78:C89) -> 2 | CV4: =COUNTIF('Лист контроля '!C78:C89,">0,3") -> 0 | CW4: ='Лист контроля '!B90 -> 13.7 | CX4: =COUNT('Лист контроля '!B78:B89) -> 2 | CY4: =COUNTIF('Лист контроля '!B78:B89,">25,0") -> 0 | CZ4: ='Лист контроля '!H90 -> 305 | DA4: =COUNT('Лист контроля '!H78:H89) -> 12 | DB4: =COUNTIF('Лист контроля '!H78:H89,"<220") -> 0
B5: 2 | C5: ='Лист контроля '!AK35 -> 0.16 | D5: =COUNT('Лист контроля '!AK11:AK17,'Лист контроля '!AK25:AK31) -> 3 | E5: =COUNTIF('Лист контроля '!AK11:AK17,">0,80")+COUNTIF('Лист контроля '!AK25:AK31,">0,80") -> 0 | F5: ='Лист контроля '!BL102 -> #DIV/0! | G5: =COUNT('Лист контроля '!BL95:BL101) -> 0 | H5: =COUNTIF('Лист контроля '!BL95:BL101,">24,0") -> 0 | I5: ='Лист контроля '!AN35 -> #DIV/0! | J5: =COUNT('Лист контроля '!AN11:AN22,'Лист контроля '!AN25:AN34) -> 0 | K5: =COUNTIF('Лист контроля '!AN11:AN22,">8,0")+COUNTIF('Лист контроля '!AN25:AN34,">8,0") -> 0 | L5: ='Лист контроля '!AM35 -> 0.2 | M5: =COUNT('Лист контроля '!AM11:AM22,'Лист контроля '!AM25:AM34) -> 1 | N5: =COUNTIF('Лист контроля '!AM11:AM22,">0,80")+COUNTIF('Лист контроля '!AM25:AM34,">0,80") -> 0 | O5: =COUNTIF('Лист контроля '!AM11:AM22,">0,20")+COUNTIF('Лист контроля '!AM25:AM34,">0,20") -> 0 | P5: ='Лист контроля '!BK90 -> 82 | Q5: =COUNT('Лист контроля '!BK78:BK89) -> 2 | R5: =COUNTIF('Лист контроля '!BK78:BK89,"<90,0") -> 2 | S5: ='Лист контроля '!BM102 -> #DIV/0! | T5: =COUNT('Лист контроля '!BM95:BM101) -> 0 | U5: =COUNTIF('Лист контроля '!BM95:BM101,">40,0") -> 0 | V5: ='Лист контроля '!BK55 -> 62 | W5: =COUNT('Лист контроля '!BK40:BK46,'Лист контроля '!BK48:BK54) -> 8 | X5: =COUNTIF('Лист контроля '!BK40:BK46,"<56")+COUNTIF('Лист контроля '!BK40:BK46,">62")+COUNTIF('Лист контроля '!BK48:BK54,"<56")+COUNTIF('Лист контроля '!BK48:BK54,">62") -> 2 | Y5: ='Лист контроля '!AR35 -> 102.7 | Z5: =COUNT('Лист контроля '!AR9:AR32) -> 10 | AA5: =COUNTIF('Лист контроля '!AR9:AR32,"<102")+COUNTIF('Лист контроля '!AR9:AR32,">106") -> 1 | AB5: ='Лист контроля '!AQ35 -> 88.5 | AC5: =COUNT('Лист контроля '!AQ9:AQ35) -> 3 | AD5: =COUNTIF('Лист контроля '!AQ9:AQ35,"<86,8") -> 0 | AE5: ='Лист контроля '!AO35 -> 0.49 | AF5: =COUNT('Лист контроля '!AO9:AO32) -> 2 | AG5: =COUNTIF('Лист контроля '!AO9:AO32,"<0,2")+COUNTIF('Лист контроля '!AO9:AO32,">1,0") -> 0 | AH5: ='Лист контроля '!AN73 -> 62 | AI5: =COUNT('Лист контроля '!AN73) -> 1 | AJ5: =COUNTIF('Лист контроля '!AN73,">70") -> 0 | AK5: ='Лист контроля '!BJ55 -> 79 | AL5: =COUNT('Лист контроля '!BJ40:BJ46,'Лист контроля '!BJ48:BJ54) -> 8 | AM5: =COUNTIF('Лист контроля '!BJ40:BJ46,">71")+COUNTIF('Лист контроля '!BJ48:BJ54,">71") -> 7 | AN5: =MAX('Лист контроля '!BC53,'Лист контроля '!BE53) -> 6 | AO5: =COUNT('Лист контроля '!BC40:BC53,'Лист контроля '!BE40:BE53) -> 4 | AP5: =COUNTIF('Лист контроля '!BC40:BC53,">20")+COUNTIF('Лист контроля '!BE40:BE53,">20") -> 0 | AQ5: =MAX('Лист контроля '!AX55,'Лист контроля '!BA53) -> 5.2 | AR5: =COUNT('Лист контроля '!AX40:AX46,'Лист контроля '!AX48:AX54,'Лист контроля '!BA40:BA53) -> 15 | AS5: =COUNTIF('Лист контроля '!AX40:AX46,">15")+COUNTIF('Лист контроля '!AX48:AX54,">15")+COUNTIF('Лист контроля '!BA40:BA53,">15") -> 0 | AT5: =MAX('Лист контроля '!AW55,'Лист контроля '!AZ53) -> 2.5 | AU5: =COUNT('Лист контроля '!AW40:AW46,'Лист контроля '!AW48:AW54,'Лист контроля '!AZ40:AZ53) -> 15 | AV5: =COUNTIF('Лист контроля '!AW40:AW46,">3,0")+COUNTIF('Лист контроля '!AW48:AW54,">3,0")+COUNTIF('Лист контроля '!AZ40:AZ53,">3,0") -> 1 | AW5: ='Лист контроля '!AY55 -> 64.5 | AX5: =COUNT('Лист контроля '!AY40:AY46,'Лист контроля '!AY48:AY54) -> 8 | AY5: =COUNTIF('Лист контроля '!AY40:AY46,"<60,0")+COUNTIF('Лист контроля '!AY48:AY54,"<60,0") -> 0 | AZ5: ='Лист контроля '!BG55 -> 0.47 | BA5: =COUNT('Лист контроля '!BG40:BG54) -> 4 | BB5: =COUNTIF('Лист контроля '!BG40:BG54,">2,0") -> 0 | BC5: ='Лист контроля '!BF35 -> 70.3 | BD5: =COUNT('Лист контроля '!BB9:BB33,'Лист контроля '!BF9:BF33,'Лист контроля '!BJ9:BJ33) -> 9 | BE5: =COUNTIF('Лист контроля '!BB9:BB33,"<70,0")+COUNTIF('Лист контроля '!BF9:BF33,"<70,0")+COUNTIF('Лист контроля '!BJ9:BJ33,"<70,0") -> 5 | BF5: =COUNTIF('Лист контроля '!BB9:BB33,"<72,0")+COUNTIF('Лист контроля '!BF9:BF33,"<72,0")+COUNTIF('Лист контроля '!BJ9:BJ33,"<72,0") -> 9 | BG5: ='Лист контроля '!BC35 -> 98.3 | BH5: =COUNT('Лист контроля '!AY9:AY33,'Лист контроля '!BC9:BC33,'Лист контроля '!BG9:BG33) -> 6 | BI5: =COUNTIF('Лист контроля '!AY9:AY33,"<95,0")+COUNTIF('Лист контроля '!BC9:BC33,"<95,0")+COUNTIF('Лист контроля '!BG9:BG33,"<95,0") -> 0 | BJ5: ='Лист контроля '!BL34 -> 30 | BK5: ='Лист контроля '!BL35 -> 20 | BL5: =COUNTIF('Лист контроля '!BL4:BL33,"<25")+COUNTIF('Лист контроля '!BL4:BL33,">36") -> 0 | BM5: ='Лист контроля '!BM34 -> 47 | BN5: ='Лист контроля '!BL35 -> 20 | BO5: =COUNTIF('Лист контроля '!BM4:BM33,"<42")+COUNTIF('Лист контроля '!BM4:BM33,">52") -> 0 | BP5: ='Лист контроля '!AT29 -> 57.5 | BQ5: =COUNT('Лист контроля '!AS9:AU28) -> 6 | BR5: =COUNTIF('Лист контроля '!AS9:AU28,"<55")+COUNTIF('Лист контроля '!AS9:AU28,">68") -> 1 | BS5: ='Лист контроля '!AO90 -> 20.3 | BT5: ='Лист контроля '!AO91 -> 3 | BU5: =COUNTIF('Лист контроля '!AO78:AO89,">19,0") -> 3 | BV5: ='Лист контроля '!AV90 -> 0.07 | BW5: ='Лист контроля '!AU90 -> 19 | BX5: =COUNTIF('Лист контроля '!AU78:BB89,">0,08") -> 0 | BY5: ='Лист контроля '!BN60 -> 15.7 | BZ5: =COUNT('Лист контроля '!BN60) -> 1 | CA5: =COUNTIF('Лист контроля '!BN60,">10,0") -> 1 | CB5: ='Лист контроля '!AJ44 -> 82.5 | CC5: =COUNT('Лист контроля '!AQ40:AQ51,'Лист контроля '!AJ44) -> 3 | CD5: =COUNTIF('Лист контроля '!AQ40:AQ51,"<82,0")+COUNTIF('Лист контроля '!AJ44,"<82,0") -> 2 | CE5: ='Лист контроля '!AN91 -> 15.9 | CF5: ='Лист контроля '!AM91 -> 6 | CG5: =COUNTIF('Лист контроля '!AM78:AN89,">16,8") -> 2 | CH5: ='Лист контроля '!AT90 -> 0.07 | CI5: ='Лист контроля '!AS90 -> 12 | CJ5: =COUNTIF('Лист контроля '!AS78:AT89,">0,08") -> 1 | CK5: ='Лист контроля '!BN59 -> 8.3 | CL5: =COUNT('Лист контроля '!AL47:AL48) -> 2 | CM5: =COUNTIF('Лист контроля '!AL47:AL48,">3,5") -> 2 | CN5: ='Лист контроля '!AJ42 -> 89.3 | CO5: =COUNT('Лист контроля '!AO40:AP51,'Лист контроля '!AJ40:AJ41) -> 6 | CP5: =COUNTIF('Лист контроля '!AO40:AP51,"<91,0")+COUNTIF('Лист контроля '!AJ40:AJ41,"<91,0") -> 6 | CQ5: ='Лист контроля '!AN72 -> 33 | CR5: =COUNT('Лист контроля '!AN72) -> 1 | CS5: =COUNTIF('Лист контроля '!AN72,"<30")+COUNTIF('Лист контроля '!AN72,">40") -> 0 | CT5: ='Лист контроля '!AK90 -> 0.06 | CU5: =COUNT('Лист контроля '!AK78:AK89) -> 2 | CV5: =COUNTIF('Лист контроля '!AK78:AK89,">0,3") -> 0 | CW5: ='Лист контроля '!AJ90 -> 12.9 | CX5: =COUNT('Лист контроля '!AJ78:AJ89) -> 2 | CY5: =COUNTIF('Лист контроля '!AJ78:AJ89,">25,0") -> 0 | CZ5: ='Лист контроля '!AP90 -> 307 | DA5: =COUNT('Лист контроля '!AP78:AP89) -> 12 | DB5: =COUNTIF('Лист контроля '!AP78:AP89,"<220") -> 0
AK7: 71 -зима | AT7: 3 | BF7: 70 -зима | BS7: 19 | CE7: 16.8
AK8: 72 -лето | BF8: 68 -лето
